GNIS_ID,source,Lake,County,Lake_County
307655,LW,ALTO,ALACHUA,ALTO_ALACHUA
307655,FWC,ALTO,ALACHUA,ALTO_ALACHUA
284137,LW,HOLDEN POND,ALACHUA,HOLDEN POND_ALACHUA
284137,FWC,HOLDENS POND,ALACHUA,HOLDENS POND_ALACHUA
285749,LW,LITTLE ORANGE,ALACHUA,LITTLE ORANGE_ALACHUA
285749,FWC,LITTLE ORANGE,ALACHUA,LITTLE ORANGE_ALACHUA
294060,LW,LOCHLOOSA,ALACHUA,LOCHLOOSA_ALACHUA
294060,FWC,LOCHLOOSA,ALACHUA,LOCHLOOSA_ALACHUA
294429,LW,NEWNAN,ALACHUA,NEWNAN_ALACHUA
294429,FWC,NEWNAN,ALACHUA,NEWNAN_ALACHUA
288216,LW,ORANGE,ALACHUA,ORANGE_ALACHUA
288216,FWC,ORANGE,ALACHUA,ORANGE_ALACHUA
290657,LW,SANTA FE,ALACHUA,SANTA FE_ALACHUA
290657,FWC,SANTA FE,ALACHUA,SANTA FE_ALACHUA
292948,LW,WAUBERG,ALACHUA,WAUBERG_ALACHUA
292948,FWC,WAUBERG,ALACHUA,WAUBERG_ALACHUA
281453,LW,DEER POINT,BAY,DEER POINT_BAY
281453,FWC,DEER POINT,BAY,DEER POINT_BAY
281084,LW,CROSBY,BRADFORD,CROSBY_BRADFORD
281084,FWC,CROSBY,BRADFORD,CROSBY_BRADFORD
283673,LW,HAMPTON,BRADFORD,HAMPTON_BRADFORD
283673,FWC,HAMPTON,BRADFORD,HAMPTON_BRADFORD
290019,LW,ROWELL,BRADFORD,ROWELL_BRADFORD
290019,FWC,ROWELL,BRADFORD,ROWELL_BRADFORD
290460,LW,SAMPSON,BRADFORD,SAMPSON_BRADFORD
290460,FWC,SAMPSON,BRADFORD,SAMPSON_BRADFORD
282770,LW,FOX,BREVARD,FOX_BREVARD
282770,FWC,FOX,BREVARD,FOX_BREVARD
289112,LW,POINSETT,BREVARD,POINSETT_BREVARD
289112,FWC,POINSETT,BREVARD,POINSETT_BREVARD
291391,LW,SOUTH,BREVARD,SOUTH_BREVARD
291391,FWC,SOUTH,BREVARD,SOUTH_BREVARD
292914,LW,WASHINGTON,BREVARD,WASHINGTON_BREVARD
292914,FWC,WASHINGTON,BREVARD,WASHINGTON_BREVARD
290015,LW,ROUSSEAU,CITRUS,ROUSSEAU_CITRUS
290015,FWC,ROUSSEAU,CITRUS,ROUSSEAU_CITRUS
292393,LW,TRAFFORD,COLLIER,TRAFFORD_COLLIER
292393,FWC,TRAFFORD,COLLIER,TRAFFORD_COLLIER
294414,LW,MONTGOMERY,COLUMBIA,MONTGOMERY_COLUMBIA
294414,FWC,MONTGOMERY FMA,COLUMBIA,MONTGOMERY FMA_COLUMBIA
291726,LW,STONE,ESCAMBIA,STONE_ESCAMBIA
291726,FWC,STONE,ESCAMBIA,STONE_ESCAMBIA
281592,LW,DISSTON,FLAGLER,DISSTON_FLAGLER
281592,FWC,DISSTON,FLAGLER,DISSTON_FLAGLER
306480,LW,TALQUIN,GADSDEN,TALQUIN_GADSDEN
306480,FWC,TALQUIN,GADSDEN,TALQUIN_GADSDEN
284410,LW,HUNTER,HERNANDO,HUNTER_HERNANDO
284410,FWC,HUNTERS,HERNANDO,HUNTERS_HERNANDO
285564,LW,LINDSEY,HERNANDO,LINDSEY_HERNANDO
285564,FWC,LINDSEY,HERNANDO,LINDSEY_HERNANDO
287371,LW,MOUNTAIN,HERNANDO,MOUNTAIN_HERNANDO
287371,FWC,MOUNTAIN,HERNANDO,MOUNTAIN_HERNANDO
277693,LW,ADELAIDE,HIGHLANDS,ADELAIDE_HIGHLANDS
277693,FWC,ADELAIDE,HIGHLANDS,ADELAIDE_HIGHLANDS
277926,LW,APTHORPE,HIGHLANDS,APTHORPE_HIGHLANDS
277926,FWC,APTHORPE,HIGHLANDS,APTHORPE_HIGHLANDS
279213,LW,BONNET,HIGHLANDS,BONNET_HIGHLANDS
279213,FWC,BONNET,HIGHLANDS,BONNET_HIGHLANDS
280072,LW,CARRIE,HIGHLANDS,CARRIE_HIGHLANDS
280072,FWC,CARRIE,HIGHLANDS,CARRIE_HIGHLANDS
280516,LW,CLAY,HIGHLANDS,CLAY_HIGHLANDS
280516,FWC,CLAY,HIGHLANDS,CLAY_HIGHLANDS
281269,LW,DAMON,HIGHLANDS,DAMON_HIGHLANDS
281269,FWC,DAMON,HIGHLANDS,DAMON_HIGHLANDS
281572,LW,DINNER,HIGHLANDS,DINNER_HIGHLANDS
281572,FWC,DINNER,HIGHLANDS,DINNER_HIGHLANDS
282784,LW,FRANCIS,HIGHLANDS,FRANCIS_HIGHLANDS
282784,FWC,FRANCIS,HIGHLANDS,FRANCIS_HIGHLANDS
283112,LW,GLENADA,HIGHLANDS,GLENADA_HIGHLANDS
283112,FWC,GLENADA,HIGHLANDS,GLENADA_HIGHLANDS
283916,LW,HENRY,HIGHLANDS,HENRY_HIGHLANDS
283916,FWC,HENRY,HIGHLANDS,HENRY_HIGHLANDS
284412,LW,HUNTLEY,HIGHLANDS,HUNTLEY_HIGHLANDS
284412,FWC,HUNTLEY,HIGHLANDS,HUNTLEY_HIGHLANDS
284635,LW,ISTOKPOGA,HIGHLANDS,ISTOKPOGA_HIGHLANDS
284635,FWC,ISTOKPOGA,HIGHLANDS,ISTOKPOGA_HIGHLANDS
284682,LW,JACKSON,HIGHLANDS,JACKSON_HIGHLANDS
284682,FWC,JACKSON,HIGHLANDS,JACKSON_HIGHLANDS
284942,LW,JOSEPHINE CENTER,HIGHLANDS,JOSEPHINE CENTER_HIGHLANDS
284942,FWC,JOSEPHINE,HIGHLANDS,JOSEPHINE_HIGHLANDS
284976,LW,JUNE,HIGHLANDS,JUNE_HIGHLANDS
284976,FWC,JUNE-IN-WINTER,HIGHLANDS,JUNE-IN-WINTER_HIGHLANDS
285451,LW,LELIA,HIGHLANDS,LELIA_HIGHLANDS
285451,FWC,LELIA,HIGHLANDS,LELIA_HIGHLANDS
285472,LW,LETTA,HIGHLANDS,LETTA_HIGHLANDS
285472,FWC,LETTA,HIGHLANDS,LETTA_HIGHLANDS
285771,LW,LITTLE REDWATER,HIGHLANDS,LITTLE REDWATER_HIGHLANDS
285771,FWC,LITTLE RED WATER,HIGHLANDS,LITTLE RED WATER_HIGHLANDS
285770,LW,LITTLE REDWATER 2,HIGHLANDS,LITTLE REDWATER 2_HIGHLANDS
285770,FWC,LITTLE RED WATER,HIGHLANDS,LITTLE RED WATER_HIGHLANDS
286124,LW,LOTELA,HIGHLANDS,LOTELA_HIGHLANDS
286124,FWC,LOTELA,HIGHLANDS,LOTELA_HIGHLANDS
288149,LW,OLIVIA,HIGHLANDS,OLIVIA_HIGHLANDS
288149,FWC,OLIVIA,HIGHLANDS,OLIVIA_HIGHLANDS
288982,LW,PIONEER,HIGHLANDS,PIONEER_HIGHLANDS
288982,FWC,PIONEER,HIGHLANDS,PIONEER_HIGHLANDS
289014,LW,PLACID,HIGHLANDS,PLACID_HIGHLANDS
289014,FWC,PLACID,HIGHLANDS,PLACID_HIGHLANDS
289535,LW,RED BEACH,HIGHLANDS,RED BEACH_HIGHLANDS
289535,FWC,RED BEACH,HIGHLANDS,RED BEACH_HIGHLANDS
290807,LW,SEBRING,HIGHLANDS,SEBRING_HIGHLANDS
290807,FWC,SEBRING,HIGHLANDS,SEBRING_HIGHLANDS
292777,LW,VIOLA,HIGHLANDS,VIOLA_HIGHLANDS
292777,FWC,VIOLA,HIGHLANDS,VIOLA_HIGHLANDS
290118,LW,SADDLEBACK NORTH,HILLSBOROUGH,SADDLEBACK NORTH_HILLSBOROUGH
290118,FWC,SADDLEBACK,HILLSBOROUGH,SADDLEBACK_HILLSBOROUGH
294174,LW,THONOTOSASSA,HILLSBOROUGH,THONOTOSASSA_HILLSBOROUGH
294174,FWC,THONOTOSASSA,HILLSBOROUGH,THONOTOSASSA_HILLSBOROUGH
292993,LW,WEEKS,HILLSBOROUGH,WEEKS_HILLSBOROUGH
292993,FWC,WEEKS,HILLSBOROUGH,WEEKS_HILLSBOROUGH
2772076,LW,VICTOR,HOLMES,VICTOR_HOLMES
2772076,FWC,VICTOR FMA,HOLMES,VICTOR FMA_HOLMES
307443,LW,BLUE CYPRESS,INDIAN RIVER,BLUE CYPRESS_INDIAN RIVER
307443,FWC,BLUE CYPRESS,INDIAN RIVER,BLUE CYPRESS_INDIAN RIVER
294149,LW,SEMINOLE,JACKSON,SEMINOLE_JACKSON
294149,FWC,SEMINOLE (FL SECTION),JACKSON,SEMINOLE (FL SECTION)_JACKSON
286773,LW,MICCOSUKEE,JEFFERSON,MICCOSUKEE_JEFFERSON
286773,FWC,MICCOSUKEE,JEFFERSON,MICCOSUKEE_JEFFERSON
305245,LW,BEAKMAN,LAKE,BEAKMAN_LAKE
305245,FWC,BEAKMAN,LAKE,BEAKMAN_LAKE
278356,LW,BEAUCLAIRE,LAKE,BEAUCLAIRE_LAKE
278356,FWC,BEAUCLAIR,LAKE,BEAUCLAIR_LAKE
280361,LW,CHERRY,LAKE,CHERRY_LAKE
280361,FWC,CHERRY,LAKE,CHERRY_LAKE
280735,LW,COOK,LAKE,COOK_LAKE
280735,FWC,COOK,LAKE,COOK_LAKE
281038,LW,CRESCENT,LAKE,CRESCENT_LAKE
281038,FWC,CRESCENT,LAKE,CRESCENT_LAKE
305523,LW,CRESCENT 2,LAKE,CRESCENT 2_LAKE
305523,FWC,CRESCENT,LAKE,CRESCENT_LAKE
281315,LW,DAVID,LAKE,DAVID_LAKE
281315,FWC,DAVID,LAKE,DAVID_LAKE
281501,LW,DENHAM,LAKE,DENHAM_LAKE
281501,FWC,DENHAM,LAKE,DENHAM_LAKE
281681,LW,DORA EAST,LAKE,DORA EAST_LAKE
281681,FWC,DORA,LAKE,DORA_LAKE
305590,LW,DORR,LAKE,DORR_LAKE
305590,FWC,DORR,LAKE,DORR_LAKE
305629,LW,ELLA,LAKE,ELLA_LAKE
305629,FWC,ELLA,LAKE,ELLA_LAKE
305765,LW,EMERALDA,LAKE,EMERALDA_LAKE
305765,FWC,EMERALDA MARSH CONSERVATION AREA,LAKE,EMERALDA MARSH CONSERVATION AREA_LAKE
282203,LW,EMMA,LAKE,EMMA_LAKE
282203,FWC,EMMA,LAKE,EMMA_LAKE
282276,LW,EUSTIS,LAKE,EUSTIS_LAKE
282276,FWC,EUSTIS,LAKE,EUSTIS_LAKE
306418,LW,GRASSHOPPER,LAKE,GRASSHOPPER_LAKE
306418,FWC,GRASSHOPPER,LAKE,GRASSHOPPER_LAKE
294031,LW,HARRIS,LAKE,HARRIS_LAKE
294031,FWC,HARRIS,LAKE,HARRIS_LAKE
305825,LW,HOLLY,LAKE,HOLLY_LAKE
305825,FWC,HOLLY,LAKE,HOLLY_LAKE
286136,LW,LOUISA,LAKE,LOUISA_LAKE
286136,FWC,LOUISA,LAKE,LOUISA_LAKE
286205,LW,LUCY,LAKE,LUCY_LAKE
286205,FWC,LUCY,LAKE,LUCY_LAKE
286961,LW,MINNEHAHA,LAKE,MINNEHAHA_LAKE
286961,FWC,MINNEHAHA,LAKE,MINNEHAHA_LAKE
294087,LW,MINNEOLA,LAKE,MINNEOLA_LAKE
294087,FWC,MINNEOLA,LAKE,MINNEOLA_LAKE
306117,LW,NORRIS,LAKE,NORRIS_LAKE
306117,FWC,NORRIS,LAKE,NORRIS_LAKE
288384,LW,PALATLAKAHA,LAKE,PALATLAKAHA_LAKE
288384,FWC,PALATLAKAHA,LAKE,PALATLAKAHA_LAKE
291693,LW,STEWART,LAKE,STEWART_LAKE
291693,FWC,STEWART,LAKE,STEWART_LAKE
291900,LW,SUSAN,LAKE,SUSAN_LAKE
291900,FWC,SUSAN,LAKE,SUSAN_LAKE
292480,LW,TROUT,LAKE,TROUT_LAKE
292480,FWC,TROUT,LAKE,TROUT_LAKE
306532,LW,UMATILLA,LAKE,UMATILLA_LAKE
306532,FWC,UMATILLA,LAKE,UMATILLA_LAKE
306596,LW,WILDCAT,LAKE,WILDCAT_LAKE
306596,FWC,WILDCAT,LAKE,WILDCAT_LAKE
293414,LW,WINONA,LAKE,WINONA_LAKE
293414,FWC,WINONA,LAKE,WINONA_LAKE
306620,LW,YALE,LAKE,YALE_LAKE
306620,FWC,YALE,LAKE,YALE_LAKE
280066,LW,CARR,LEON,CARR_LEON
280066,FWC,CARR,LEON,CARR_LEON
283627,LW,HALL,LEON,HALL_LEON
283627,FWC,HALL,LEON,HALL_LEON
284452,LW,IAMONIA,LEON,IAMONIA_LEON
284452,FWC,IAMONIA,LEON,IAMONIA_LEON
284694,LW,JACKSON,LEON,JACKSON_LEON
284694,FWC,JACKSON,LEON,JACKSON_LEON
306093,LW,MUNSON,LEON,MUNSON_LEON
306093,FWC,MUNSON,LEON,MUNSON_LEON
305389,LW,BRYANT,MARION,BRYANT_MARION
305389,FWC,BRYANT,MARION,BRYANT_MARION
305473,LW,CHARLES,MARION,CHARLES_MARION
305473,FWC,CHARLES,MARION,CHARLES_MARION
305566,LW,DELANCY,MARION,DELANCY_MARION
305566,FWC,DELANCEY,MARION,DELANCEY_MARION
305619,LW,EATON,MARION,EATON_MARION
305619,FWC,EATON,MARION,EATON_MARION
305905,LW,KERR,MARION,KERR_MARION
305905,FWC,KERR,MARION,KERR_MARION
306567,LW,WEIR,MARION,WEIR_MARION
306567,FWC,WEIR,MARION,WEIR_MARION
305849,LW,HURRICANE,OKALOOSA,HURRICANE_OKALOOSA
305849,FWC,HURRICANE FMA,OKALOOSA,HURRICANE FMA_OKALOOSA
305895,LW,KARICK,OKALOOSA,KARICK_OKALOOSA
305895,FWC,KARICK FMA,OKALOOSA,KARICK FMA_OKALOOSA
293912,LW,APOPKA,ORANGE,APOPKA_ORANGE
293912,FWC,APOPKA BEAUCLAIR CANAL,LAKE,APOPKA BEAUCLAIR CANAL_LAKE
1986929,LW,BALDWIN,ORANGE,BALDWIN_ORANGE
1986929,FWC,BALDWIN,ORANGE,BALDWIN_ORANGE
278976,LW,BLANCHE,ORANGE,BLANCHE_ORANGE
278976,FWC,BLANCHE,ORANGE,BLANCHE_ORANGE
279743,LW,BUTLER,ORANGE,BUTLER_ORANGE
279743,FWC,BUTLER,ORANGE,BUTLER_ORANGE
280047,LW,CARLTON,ORANGE,CARLTON_ORANGE
280047,FWC,CARLTON,ORANGE,CARLTON_ORANGE
280334,LW,CHASE,ORANGE,CHASE_ORANGE
280334,FWC,CHASE,ORANGE,CHASE_ORANGE
280529,LW,CLEAR,ORANGE,CLEAR_ORANGE
280529,FWC,CLEAR,ORANGE,CLEAR_ORANGE
280728,LW,CONWAY NORTH,ORANGE,CONWAY NORTH_ORANGE
280728,FWC,CONWAY,ORANGE,CONWAY_ORANGE
281739,LW,DOWN,ORANGE,DOWN_ORANGE
281739,FWC,DOWN,ORANGE,DOWN_ORANGE
282341,LW,FAIRVIEW,ORANGE,FAIRVIEW_ORANGE
282341,FWC,FAIRVIEW,ORANGE,FAIRVIEW_ORANGE
282967,LW,GATLIN,ORANGE,GATLIN_ORANGE
282967,FWC,GATLIN,ORANGE,GATLIN_ORANGE
283786,LW,HART,ORANGE,HART_ORANGE
283786,FWC,HART,ORANGE,HART_ORANGE
288428,LW,ISLEWORTH,ORANGE,ISLEWORTH_ORANGE
288428,FWC,ISLEWORTH,ORANGE,ISLEWORTH_ORANGE
284639,LW,IVANHOE EAST,ORANGE,IVANHOE EAST_ORANGE
284639,FWC,IVANHOE,ORANGE,IVANHOE_ORANGE
284776,LW,JESSAMINE,ORANGE,JESSAMINE_ORANGE
284776,FWC,JESSAMINE,ORANGE,JESSAMINE_ORANGE
284856,LW,JOHNS,ORANGE,JOHNS_ORANGE
284856,FWC,JOHNS,ORANGE,JOHNS_ORANGE
285401,LW,LAWNE,ORANGE,LAWNE_ORANGE
285401,FWC,LAWNE,ORANGE,LAWNE_ORANGE
286141,LW,LOUISE,ORANGE,LOUISE_ORANGE
286141,FWC,LOUISE,ORANGE,LOUISE_ORANGE
286319,LW,MAITLAND,ORANGE,MAITLAND_ORANGE
286319,FWC,MAITLAND,ORANGE,MAITLAND_ORANGE
286385,LW,MANN,ORANGE,MANN_ORANGE
286385,FWC,MANN,ORANGE,MANN_ORANGE
286482,LW,MARY JANE,ORANGE,MARY JANE_ORANGE
286482,FWC,MARY JANE,ORANGE,MARY JANE_ORANGE
286960,LW,MINNEHAHA,ORANGE,MINNEHAHA_ORANGE
286960,FWC,MINNEHAHA,ORANGE,MINNEHAHA_ORANGE
289103,LW,POCKET,ORANGE,POCKET_ORANGE
289103,FWC,POCKET,ORANGE,POCKET_ORANGE
291635,LW,PRIMAVISTA,ORANGE,PRIMAVISTA_ORANGE
291635,FWC,PRIMA VISTA,ORANGE,PRIMA VISTA_ORANGE
290674,LW,SARAH,ORANGE,SARAH_ORANGE
290674,FWC,SARAH,ORANGE,SARAH_ORANGE
290953,LW,SHEEN,ORANGE,SHEEN_ORANGE
290953,FWC,SHEEN,ORANGE,SHEEN_ORANGE
292259,LW,TIBET,ORANGE,TIBET_ORANGE
292259,FWC,TIBET,ORANGE,TIBET_ORANGE
292644,LW,UNDERHILL,ORANGE,UNDERHILL_ORANGE
292644,FWC,UNDERHILL,ORANGE,UNDERHILL_ORANGE
292785,LW,VIRGINIA,ORANGE,VIRGINIA_ORANGE
292785,FWC,VIRGINIA,ORANGE,VIRGINIA_ORANGE
277794,LW,ALLIGATOR,OSCEOLA,ALLIGATOR_OSCEOLA
277794,FWC,ALLIGATOR,OSCEOLA,ALLIGATOR_OSCEOLA
279374,LW,BRICK,OSCEOLA,BRICK_OSCEOLA
279374,FWC,BRICK,OSCEOLA,BRICK_OSCEOLA
280245,LW,CENTER,OSCEOLA,CENTER_OSCEOLA
280245,FWC,CENTER,OSCEOLA,CENTER_OSCEOLA
280767,LW,COON,OSCEOLA,COON_OSCEOLA
280767,FWC,COON,OSCEOLA,COON_OSCEOLA
281219,LW,CYPRESS,OSCEOLA,CYPRESS_OSCEOLA
281219,FWC,CYPRESS,OSCEOLA,CYPRESS_OSCEOLA
282485,LW,FISH,OSCEOLA,FISH_OSCEOLA
282485,FWC,FISH,OSCEOLA,FISH_OSCEOLA
283023,LW,GENTRY,OSCEOLA,GENTRY_OSCEOLA
283023,FWC,GENTRY,OSCEOLA,GENTRY_OSCEOLA
294032,LW,HATCHINEHA,OSCEOLA,HATCHINEHA_OSCEOLA
294032,FWC,HATCHINEHA,OSCEOLA,HATCHINEHA_OSCEOLA
284691,LW,JACKSON,OSCEOLA,JACKSON_OSCEOLA
284691,FWC,JACKSON,OSCEOLA,JACKSON_OSCEOLA
295796,LW,KISSIMMEE,OSCEOLA,KISSIMMEE_OSCEOLA
295796,FWC,KISSIMMEE,OSCEOLA,KISSIMMEE_OSCEOLA
285895,LW,LIZZIE,OSCEOLA,LIZZIE_OSCEOLA
285895,FWC,LIZZIE,OSCEOLA,LIZZIE_OSCEOLA
286420,LW,MARIAN,OSCEOLA,MARIAN_OSCEOLA
286420,FWC,MARIAN,OSCEOLA,MARIAN_OSCEOLA
290057,LW,RUNNYMEADE,OSCEOLA,RUNNYMEADE_OSCEOLA
290057,FWC,RUNNYMEDE,OSCEOLA,RUNNYMEDE_OSCEOLA
292474,LW,TROUT,OSCEOLA,TROUT_OSCEOLA
292474,FWC,TROUT,OSCEOLA,TROUT_OSCEOLA
288259,LW,OSBORNE,PALM BEACH,OSBORNE_PALM BEACH
288259,FWC,OSBORNE,PALM BEACH,OSBORNE_PALM BEACH
287088,LW,MOON,PASCO,MOON_PASCO
287088,FWC,MOON,PASCO,MOON_PASCO
286284,LW,MAGGIORE,PINELLAS,MAGGIORE_PINELLAS
286284,FWC,MAGGIORE,PINELLAS,MAGGIORE_PINELLAS
290850,LW,SEMINOLE,PINELLAS,SEMINOLE_PINELLAS
290850,FWC,SEMINOLE,PINELLAS,SEMINOLE_PINELLAS
292049,LW,TARPON,PINELLAS,TARPON_PINELLAS
292049,FWC,TARPON,PINELLAS,TARPON_PINELLAS
277698,LW,AGNES,POLK,AGNES_POLK
277698,FWC,AGNES,POLK,AGNES_POLK
277897,LW,ANNIE,POLK,ANNIE_POLK
277897,FWC,ANNIE,POLK,ANNIE_POLK
277931,LW,ARBUCKLE,POLK,ARBUCKLE_POLK
277931,FWC,ARBUCKLE,POLK,ARBUCKLE_POLK
277946,LW,ARIANA,POLK,ARIANA_POLK
277946,FWC,ARIANA,POLK,ARIANA_POLK
278076,LW,BANANA,POLK,BANANA_POLK
278076,FWC,BANANA,POLK,BANANA_POLK
279079,LW,BLUE 2,POLK,BLUE 2_POLK
279079,FWC,BLUE,POLK,BLUE_POLK
279035,LW,BLUE NORTH,POLK,BLUE NORTH_POLK
279035,FWC,BLUE,POLK,BLUE_POLK
279245,LW,BONNY,POLK,BONNY_POLK
279245,FWC,BONNY,POLK,BONNY_POLK
279626,LW,BUFFUM,POLK,BUFFUM_POLK
279626,FWC,BUFFUM,POLK,BUFFUM_POLK
279989,LW,CANNON,POLK,CANNON_POLK
279989,FWC,CANNON,POLK,CANNON_POLK
294405,LW,CLINCH,POLK,CLINCH_POLK
294405,FWC,CLINCH,POLK,CLINCH_POLK
280711,LW,CONINE,POLK,CONINE_POLK
280711,FWC,CONINE,POLK,CONINE_POLK
293976,LW,CROOKED,POLK,CROOKED_POLK
293976,FWC,CROOKED,POLK,CROOKED_POLK
281260,LW,DAISY,POLK,DAISY_POLK
281260,FWC,DAISY,POLK,DAISY_POLK
281459,LW,DEER,POLK,DEER_POLK
281459,FWC,DEER,POLK,DEER_POLK
282050,LW,EASY,POLK,EASY_POLK
282050,FWC,EASY,POLK,EASY_POLK
282136,LW,ELBERT,POLK,ELBERT_POLK
282136,FWC,ELBERT,POLK,ELBERT_POLK
282184,LW,ELOISE,POLK,ELOISE_POLK
282184,FWC,ELOISE,POLK,ELOISE_POLK
294617,LW,EVA,POLK,EVA_POLK
294617,FWC,EVA,POLK,EVA_POLK
282375,LW,FANNIE,POLK,FANNIE_POLK
282375,FWC,FANNIE,POLK,FANNIE_POLK
282940,LW,GARFIELD,POLK,GARFIELD_POLK
282940,FWC,GARFIELD,POLK,GARFIELD_POLK
283058,LW,GIBSON,POLK,GIBSON_POLK
283058,FWC,GIBSON,POLK,GIBSON_POLK
283592,LW,HAINES,POLK,HAINES_POLK
283592,FWC,HAINES,POLK,HAINES_POLK
283642,LW,HAMILTON,POLK,HAMILTON_POLK
283642,FWC,HAMILTON,POLK,HAMILTON_POLK
283683,LW,HANCOCK,POLK,HANCOCK_POLK
283683,FWC,HANCOCK,POLK,HANCOCK_POLK
283788,LW,HARTRIDGE,POLK,HARTRIDGE_POLK
283788,FWC,HARTRIDGE,POLK,HARTRIDGE_POLK
284163,LW,HOLLINGSWORTH,POLK,HOLLINGSWORTH_POLK
284163,FWC,HOLLINGSWORTH,POLK,HOLLINGSWORTH_POLK
284352,LW,HOWARD,POLK,HOWARD_POLK
284352,FWC,HOWARD,POLK,HOWARD_POLK
284407,LW,HUNTER,POLK,HUNTER_POLK
284407,FWC,HUNTER,POLK,HUNTER_POLK
284467,LW,IDYLWILD,POLK,IDYLWILD_POLK
284467,FWC,IDYLWILD,POLK,IDYLWILD_POLK
284603,LW,ISABELL,POLK,ISABELL_POLK
284603,FWC,ISABELL,HIGHLANDS,ISABELL_HIGHLANDS
284779,LW,JESSIE,POLK,JESSIE_POLK
284779,FWC,JESSIE,POLK,JESSIE_POLK
284847,LW,JOHN,POLK,JOHN_POLK
284847,FWC,JOHN WOOD,POLK,JOHN WOOD_POLK
284964,LW,JULIANA,POLK,JULIANA_POLK
284964,FWC,JULIANA,POLK,JULIANA_POLK
285565,LW,LINK,POLK,LINK_POLK
285565,FWC,LINK,POLK,LINK_POLK
285891,LW,LIVINGSTON,POLK,LIVINGSTON_POLK
285891,FWC,LIVINGSTON,POLK,LIVINGSTON_POLK
286210,LW,LULU,POLK,LULU_POLK
286210,FWC,LULU,POLK,LULU_POLK
286421,LW,MARIANNA,POLK,MARIANNA_POLK
286421,FWC,MARIANA,POLK,MARIANA_POLK
286432,LW,MARION,POLK,MARION_POLK
286432,FWC,MARION,POLK,MARION_POLK
286526,LW,MATTIE,POLK,MATTIE_POLK
286526,FWC,MATTIE,POLK,MATTIE_POLK
286529,LW,MAUDE,POLK,MAUDE_POLK
286529,FWC,MAUDE,POLK,MAUDE_POLK
286540,LW,MAY,POLK,MAY_POLK
286540,FWC,MAY,POLK,MAY_POLK
286641,LW,MCLEOD,POLK,MCLEOD_POLK
286641,FWC,MCLEOD,POLK,MCLEOD_POLK
286985,LW,MIRROR,POLK,MIRROR_POLK
286985,FWC,MIRROR,POLK,MIRROR_POLK
287566,LW,NED,POLK,NED_POLK
287566,FWC,NED,POLK,NED_POLK
288455,LW,PANSY,POLK,PANSY_POLK
288455,FWC,PANSY,POLK,PANSY_POLK
288524,LW,PARKER,POLK,PARKER_POLK
288524,FWC,PARKER,POLK,PARKER_POLK
288797,LW,PIERCE,POLK,PIERCE_POLK
288797,FWC,PIERCE,POLK,PIERCE_POLK
307559,LW,REEDY,POLK,REEDY_POLK
307559,FWC,REEDY,POLK,REEDY_POLK
289806,LW,ROCHELLE,POLK,ROCHELLE_POLK
289806,FWC,ROCHELLE,POLK,ROCHELLE_POLK
289953,LW,ROSALIE,POLK,ROSALIE_POLK
289953,FWC,ROSALIE,POLK,ROSALIE_POLK
290023,LW,ROY,POLK,ROY_POLK
290023,FWC,ROY,POLK,ROY_POLK
291058,LW,SHIPP,POLK,SHIPP_POLK
291058,FWC,SHIPP,POLK,SHIPP_POLK
291141,LW,SILVER,POLK,SILVER_POLK
291141,FWC,SILVER,POLK,SILVER_POLK
291238,LW,SMART,POLK,SMART_POLK
291238,FWC,SMART,POLK,SMART_POLK
291545,LW,SPRING,POLK,SPRING_POLK
291545,FWC,SPRING,POLK,SPRING_POLK
291809,LW,SUMMIT,POLK,SUMMIT_POLK
291809,FWC,SUMMIT,POLK,SUMMIT_POLK
295814,LW,TIGER,POLK,TIGER_POLK
295814,FWC,TIGER,POLK,TIGER_POLK
292392,LW,TRACY,POLK,TRACY_POLK
292392,FWC,TRACY,POLK,TRACY_POLK
292828,LW,WALES,POLK,WALES_POLK
292828,FWC,WALES,POLK,WALES_POLK
294192,LW,WEOHYAKAPKA,POLK,WEOHYAKAPKA_POLK
294192,FWC,WEOHYAKAPKA,POLK,WEOHYAKAPKA_POLK
280555,LW,CLEARWATER,PUTNAM,CLEARWATER_PUTNAM
280555,FWC,CLEARWATER,PUTNAM,CLEARWATER_PUTNAM
283032,LW,GEORGES,PUTNAM,GEORGES_PUTNAM
283032,FWC,GEORGES,PUTNAM,GEORGES_PUTNAM
283279,LW,GRANDIN,PUTNAM,GRANDIN_PUTNAM
283279,FWC,GRANDIN,PUTNAM,GRANDIN_PUTNAM
306146,LW,RODMAN-1,PUTNAM,RODMAN-1_PUTNAM
306146,FWC,RODMAN RESERVOIR,PUTNAM,RODMAN RESERVOIR_PUTNAM
306164,LW,RODMAN-OUT 2,PUTNAM,RODMAN-OUT 2_PUTNAM
306164,FWC,RODMAN RESERVOIR,PUTNAM,RODMAN RESERVOIR_PUTNAM
295019,LW,STELLA,PUTNAM,STELLA_PUTNAM
295019,FWC,STELLA,PUTNAM,STELLA_PUTNAM
286172,LW,LOWER MYAKKA,SARASOTA,LOWER MYAKKA_SARASOTA
286172,FWC,LOWER MYAKKA,SARASOTA,LOWER MYAKKA_SARASOTA
287499,LW,UPPER MYAKKA,SARASOTA,UPPER MYAKKA_SARASOTA
287499,FWC,UPPER MYAKKA,SARASOTA,UPPER MYAKKA_SARASOTA
295793,LW,JESUP,SEMINOLE,JESUP_SEMINOLE
295793,FWC,JESSUP,SEMINOLE,JESSUP_SEMINOLE
287074,LW,MONROE EAST,SEMINOLE,MONROE EAST_SEMINOLE
287074,FWC,MONROE,VOLUSIA,MONROE_VOLUSIA
308145,LW,SAVANNA,SAINTLUCIE,SAVANNA_SAINTLUCIE
308145,FWC,SAVANNAS,SAINT LUCIE,SAVANNAS_SAINT LUCIE
281407,LW,DEATON,SUMTER,DEATON_SUMTER
281407,FWC,DEATON,SUMTER,DEATON_SUMTER
286971,LW,MIONA,SUMTER,MIONA_SUMTER
286971,FWC,MIONA,SUMTER,MIONA_SUMTER
288069,LW,OKAHUMPKA,SUMTER,OKAHUMPKA_SUMTER
288069,FWC,OKAHUMPKA,SUMTER,OKAHUMPKA_SUMTER
294114,LW,PANASOFFKEE,SUMTER,PANASOFFKEE_SUMTER
294114,FWC,PANASOFFKEE,SUMTER,PANASOFFKEE_SUMTER
288620,LW,PEACOCK,SUWANNEE,PEACOCK_SUWANNEE
288620,FWC,PEACOCK,SUWANNEE,PEACOCK_SUWANNEE
279740,LW,BUTLER,UNION,BUTLER_UNION
279740,FWC,BUTLER,UNION,BUTLER_UNION
306189,LW,PALESTINE,UNION,PALESTINE_UNION
306189,FWC,PALESTINE,UNION,PALESTINE_UNION
277968,LW,ASHBY,VOLUSIA,ASHBY_VOLUSIA
277968,FWC,ASHBY,VOLUSIA,ASHBY_VOLUSIA
279038,LW,BLUE,VOLUSIA,BLUE_VOLUSIA
279038,FWC,BLUE,VOLUSIA,BLUE_VOLUSIA
305576,LW,DEXTER,VOLUSIA,DEXTER_VOLUSIA
305576,FWC,DEXTER,VOLUSIA,DEXTER_VOLUSIA
283108,LW,GLEASON,VOLUSIA,GLEASON_VOLUSIA
283108,FWC,GLEASON,VOLUSIA,GLEASON_VOLUSIA
283749,LW,HARNEY,VOLUSIA,HARNEY_VOLUSIA
283749,FWC,HARNEY,VOLUSIA,HARNEY_VOLUSIA
283868,LW,HELEN,VOLUSIA,HELEN_VOLUSIA
283868,FWC,HELEN,VOLUSIA,HELEN_VOLUSIA
286138,LW,LOUISE,VOLUSIA,LOUISE_VOLUSIA
286138,FWC,LOWER LOUISE,VOLUSIA,LOWER LOUISE_VOLUSIA
298076,LW,NORTH TALMADGE,VOLUSIA,NORTH TALMADGE_VOLUSIA
298076,FWC,NORTH TALMADGE,VOLUSIA,NORTH TALMADGE_VOLUSIA
298074,LW,SOUTH TALMADGE,VOLUSIA,SOUTH TALMADGE_VOLUSIA
298074,FWC,SOUTH TALMADGE,VOLUSIA,SOUTH TALMADGE_VOLUSIA
284998,LW,JUNIPER EAST,WALTON,JUNIPER EAST_WALTON
284998,FWC,JUNIPER FMA,WALTON,JUNIPER FMA_WALTON
NA,LW,NA,NA,NA_NA
NA,FWC,JOHNSON,ALACHUA,JOHNSON_ALACHUA
NA,FWC,LITTLE SANTA FE,ALACHUA,LITTLE SANTA FE_ALACHUA
NA,FWC,WATERMELLON POND,ALACHUA,WATERMELLON POND_ALACHUA
NA,FWC,OCEAN POND,BAKER,OCEAN POND_BAKER
NA,FWC,DAVIS,BAY,DAVIS_BAY
NA,FWC,LULLWATER,BAY,LULLWATER_BAY
NA,FWC,MARTIN BAYOU,BAY,MARTIN BAYOU_BAY
NA,FWC,CLARK,BREVARD,CLARK_BREVARD
NA,FWC,ELBOW CREEK,BREVARD,ELBOW CREEK_BREVARD
NA,FWC,HELLEN-BLAZES,BREVARD,HELLEN-BLAZES_BREVARD
NA,FWC,LOUGHMAN,BREVARD,LOUGHMAN_BREVARD
NA,FWC,RUTH,BREVARD,RUTH_BREVARD
NA,FWC,SALT,BREVARD,SALT_BREVARD
NA,FWC,SAWGRASS,BREVARD,SAWGRASS_BREVARD
NA,FWC,TM GOODWIN WMA,BREVARD,TM GOODWIN WMA_BREVARD
NA,FWC,WINDER,BREVARD,WINDER_BREVARD
NA,FWC,SHELL CREEK,CHARLOTTE,SHELL CREEK_CHARLOTTE
NA,FWC,SHELL/PRAIRIE CREEK RES.,CHARLOTTE,SHELL/PRAIRIE CREEK RES._CHARLOTTE
NA,FWC,CHASSAHOWITZKA RIVER,CITRUS,CHASSAHOWITZKA RIVER_CITRUS
NA,FWC,CRYSTAL RIVER,CITRUS,CRYSTAL RIVER_CITRUS
NA,FWC,HALLS RIVER,CITRUS,HALLS RIVER_CITRUS
NA,FWC,HOMOSASSA RIVER,CITRUS,HOMOSASSA RIVER_CITRUS
NA,FWC,TSALA APOPKA,CITRUS,TSALA APOPKA_CITRUS
NA,FWC,WITHLACOOCHEE RIVER,CITRUS,WITHLACOOCHEE RIVER_CITRUS
NA,FWC,LOWERY FMA,CLAY,LOWERY FMA_CLAY
NA,FWC,MAGNOLIA FMA,CLAY,MAGNOLIA FMA_CLAY
NA,FWC,ALLIGATOR,COLUMBIA,ALLIGATOR_COLUMBIA
NA,FWC,ICHETUCKNEE RIVER,COLUMBIA,ICHETUCKNEE RIVER_COLUMBIA
NA,FWC,SANTA FE RIVER,COLUMBIA,SANTA FE RIVER_COLUMBIA
NA,FWC,WATERTOWN,COLUMBIA,WATERTOWN_COLUMBIA
NA,FWC,SUWANNEE RIVER,DIXIE,SUWANNEE RIVER_DIXIE
NA,FWC,CRYSTAL SPRINGS FMA,DUVAL,CRYSTAL SPRINGS FMA_DUVAL
NA,FWC,BULOW CREEK,FLAGLER,BULOW CREEK_FLAGLER
NA,FWC,APALACHICOLA RIVER,FRANKLIN,APALACHICOLA RIVER_FRANKLIN
NA,FWC,CROOKED RIVER,FRANKLIN,CROOKED RIVER_FRANKLIN
NA,FWC,LAURIE,GADSDEN,LAURIE_GADSDEN
NA,FWC,FISHEATING CREEK,GLADES,FISHEATING CREEK_GLADES
NA,FWC,HICPOCHEE,GLADES,HICPOCHEE_GLADES
NA,FWC,EAGLE FMA,HAMILTON,EAGLE FMA_HAMILTON
NA,FWC,RACHEL,HAMILTON,RACHEL_HAMILTON
NA,FWC,WITHLACOOCHEE RIVER,HAMILTON,WITHLACOOCHEE RIVER_HAMILTON
NA,FWC,PEACE RIVER,HARDEE,PEACE RIVER_HARDEE
NA,FWC,BYSTRE,HERNANDO,BYSTRE_HERNANDO
NA,FWC,MCKETHAN,HERNANDO,MCKETHAN_HERNANDO
NA,FWC,WEEKI WACHEE RIVER,HERNANDO,WEEKI WACHEE RIVER_HERNANDO
NA,FWC,ARBUCKLE CREEK,HIGHLANDS,ARBUCKLE CREEK_HIGHLANDS
NA,FWC,CATFISH CREEK,HIGHLANDS,CATFISH CREEK_HIGHLANDS
NA,FWC,JACKS CREEK,HIGHLANDS,JACKS CREEK_HIGHLANDS
NA,FWC,JACKSON CREEK,HIGHLANDS,JACKSON CREEK_HIGHLANDS
NA,FWC,JOSEPHINE CREEK,HIGHLANDS,JOSEPHINE CREEK_HIGHLANDS
NA,FWC,RED WATER,HIGHLANDS,RED WATER_HIGHLANDS
NA,FWC,STEARNS CREEK,HIGHLANDS,STEARNS CREEK_HIGHLANDS
NA,FWC,TULANE,HIGHLANDS,TULANE_HIGHLANDS
NA,FWC,ALAFIA RIVER,HILLSBOROUGH,ALAFIA RIVER_HILLSBOROUGH
NA,FWC,BAKER CREEK,HILLSBOROUGH,BAKER CREEK_HILLSBOROUGH
NA,FWC,ED MEDARD RESERVOIR,HILLSBOROUGH,ED MEDARD RESERVOIR_HILLSBOROUGH
NA,FWC,GRADY,HILLSBOROUGH,GRADY_HILLSBOROUGH
NA,FWC,HILLSBOROUGH RIVER,HILLSBOROUGH,HILLSBOROUGH RIVER_HILLSBOROUGH
NA,FWC,LITTLE MANATEE RIVER,HILLSBOROUGH,LITTLE MANATEE RIVER_HILLSBOROUGH
NA,FWC,ROCKY CREEK,HILLSBOROUGH,ROCKY CREEK_HILLSBOROUGH
NA,FWC,WOOD,HILLSBOROUGH,WOOD_HILLSBOROUGH
NA,FWC,MERRITTS MILL POND,JACKSON,MERRITTS MILL POND_JACKSON
NA,FWC,AUCILLA RIVER,JEFFERSON,AUCILLA RIVER_JEFFERSON
NA,FWC,SNEADS SMOKEHOUSE,JEFFERSON,SNEADS SMOKEHOUSE_JEFFERSON
NA,FWC,WACISSA RIVER,JEFFERSON,WACISSA RIVER_JEFFERSON
NA,FWC,TOWNSEND,LAFAYETTE,TOWNSEND_LAFAYETTE
NA,FWC,ADMINISTRATION,LAKE,ADMINISTRATION_LAKE
NA,FWC,ALEXANDER SPRINGS,LAKE,ALEXANDER SPRINGS_LAKE
NA,FWC,BUGG SPRINGS,LAKE,BUGG SPRINGS_LAKE
NA,FWC,CARLTON,LAKE,CARLTON_LAKE
NA,FWC,DAL HOUSIE,LAKE,DAL HOUSIE_LAKE
NA,FWC,DEAD RIVER,LAKE,DEAD RIVER_LAKE
NA,FWC,ELLA 2,LAKE,ELLA 2_LAKE
NA,FWC,GRIFFIN,LAKE,GRIFFIN_LAKE
NA,FWC,HAINES CREEK,LAKE,HAINES CREEK_LAKE
NA,FWC,HELENA RUN,LAKE,HELENA RUN_LAKE
NA,FWC,HIAWATHA,LAKE,HIAWATHA_LAKE
NA,FWC,HUNT,LAKE,HUNT_LAKE
NA,FWC,JUNIETTA,LAKE,JUNIETTA_LAKE
NA,FWC,PALATLAKAHA RIVER,LAKE,PALATLAKAHA RIVER_LAKE
NA,FWC,SELLERS,LAKE,SELLERS_LAKE
NA,FWC,WILSON,LAKE,WILSON_LAKE
NA,FWC,LAFAYETTE,LEON,LAFAYETTE_LEON
NA,FWC,CHERRY,MADISON,CHERRY_MADISON
NA,FWC,FRANCIS,MADISON,FRANCIS_MADISON
NA,FWC,MYSTIC,MADISON,MYSTIC_MADISON
NA,FWC,BRADEN RIVER,MANATEE,BRADEN RIVER_MANATEE
NA,FWC,MANATEE RIVER,MANATEE,MANATEE RIVER_MANATEE
NA,FWC,CRYSTAL AND BLUES,MARION,CRYSTAL AND BLUES_MARION
NA,FWC,HALF MOON,MARION,HALF MOON_MARION
NA,FWC,JUMPER,MARION,JUMPER_MARION
NA,FWC,MILL DAM,MARION,MILL DAM_MARION
NA,FWC,OCKLAWAHA RIVER,MARION,OCKLAWAHA RIVER_MARION
NA,FWC,RAINBOW RIVER,MARION,RAINBOW RIVER_MARION
NA,FWC,SALT SPRINGS RUN,MARION,SALT SPRINGS RUN_MARION
NA,FWC,SILVER,MARION,SILVER_MARION
NA,FWC,SILVER RIVER,MARION,SILVER RIVER_MARION
NA,FWC,HOMESTEAD FS WATERWAYS,MIAMI-DADE,HOMESTEAD FS WATERWAYS_MIAMI-DADE
NA,FWC,BOGGY CREEK,NASSAU,BOGGY CREEK_NASSAU
NA,FWC,LOFTON CREEK,NASSAU,LOFTON CREEK_NASSAU
NA,FWC,MILLS CREEK,NASSAU,MILLS CREEK_NASSAU
NA,FWC,NASSAU RIVER,NASSAU,NASSAU RIVER_NASSAU
NA,FWC,PLUMMERS CREEK,NASSAU,PLUMMERS CREEK_NASSAU
NA,FWC,ST. MARYS RIVER,NASSAU,ST. MARYS RIVER_NASSAU
NA,FWC,THOMAS CREEK,NASSAU,THOMAS CREEK_NASSAU
NA,FWC,EGLINS FMA,OKALOOSA,EGLINS FMA_OKALOOSA
NA,FWC,OKEECHOBEE,OKEECHOBEE,OKEECHOBEE_OKEECHOBEE
NA,FWC,UPPER TAYLOR CREEK,OKEECHOBEE,UPPER TAYLOR CREEK_OKEECHOBEE
NA,FWC,APOPKA,ORANGE,APOPKA_ORANGE
NA,FWC,DAVIS,ORANGE,DAVIS_ORANGE
NA,FWC,MIZELL,ORANGE,MIZELL_ORANGE
NA,FWC,NINA,ORANGE,NINA_ORANGE
NA,FWC,OSCEOLA,ORANGE,OSCEOLA_ORANGE
NA,FWC,ROCK SPRING RUN,ORANGE,ROCK SPRING RUN_ORANGE
NA,FWC,STARKE,ORANGE,STARKE_ORANGE
NA,FWC,TUCKER,ORANGE,TUCKER_ORANGE
NA,FWC,TURKEY,ORANGE,TURKEY_ORANGE
NA,FWC,WAUSEON BAY,ORANGE,WAUSEON BAY_ORANGE
NA,FWC,WEKIVA RIVER,ORANGE,WEKIVA RIVER_ORANGE
NA,FWC,EAST TOHOPEKALIGA,OSCEOLA,EAST TOHOPEKALIGA_OSCEOLA
NA,FWC,KISSIMMEE RIVER,OSCEOLA,KISSIMMEE RIVER_OSCEOLA
NA,FWC,REEDY CREEK,OSCEOLA,REEDY CREEK_OSCEOLA
NA,FWC,RUSSELL,OSCEOLA,RUSSELL_OSCEOLA
NA,FWC,SHINGLE CREEK,OSCEOLA,SHINGLE CREEK_OSCEOLA
NA,FWC,TOHOPEKALIGA,OSCEOLA,TOHOPEKALIGA_OSCEOLA
NA,FWC,C-XVIII WATERSHED,PALM BEACH,C-XVIII WATERSHED_PALM BEACH
NA,FWC,CLARKE,PALM BEACH,CLARKE_PALM BEACH
NA,FWC,IDA,PALM BEACH,IDA_PALM BEACH
NA,FWC,LOXAHATCHEE RIVER,PALM BEACH,LOXAHATCHEE RIVER_PALM BEACH
NA,FWC,PINE,PALM BEACH,PINE_PALM BEACH
NA,FWC,ANCLOTE RIVER,PASCO,ANCLOTE RIVER_PASCO
NA,FWC,MIDDLE,PASCO,MIDDLE_PASCO
NA,FWC,ADMINISTRATION,POLK,ADMINISTRATION_POLK
NA,FWC,ALFRED,POLK,ALFRED_POLK
NA,FWC,BUCKEYE,POLK,BUCKEYE_POLK
NA,FWC,CARTER ROAD,POLK,CARTER ROAD_POLK
NA,FWC,CRYSTAL,POLK,CRYSTAL_POLK
NA,FWC,DEESON,POLK,DEESON_POLK
NA,FWC,EAGLE,POLK,EAGLE_POLK
NA,FWC,ECHO,POLK,ECHO_POLK
NA,FWC,FT. MEADE PITS,POLK,FT. MEADE PITS_POLK
NA,FWC,GATOR,POLK,GATOR_POLK
NA,FWC,GRASSY,POLK,GRASSY_POLK
NA,FWC,LENA,POLK,LENA_POLK
NA,FWC,MARIAM,POLK,MARIAM_POLK
NA,FWC,MARTHA,POLK,MARTHA_POLK
NA,FWC,MINZIE,POLK,MINZIE_POLK
NA,FWC,MUD,POLK,MUD_POLK
NA,FWC,OTIS,POLK,OTIS_POLK
NA,FWC,SADDLEBACK,POLK,SADDLEBACK_POLK
NA,FWC,SEARS,POLK,SEARS_POLK
NA,FWC,SURVEYORS,POLK,SURVEYORS_POLK
NA,FWC,SWOOPE,POLK,SWOOPE_POLK
NA,FWC,TENNESSEE,POLK,TENNESSEE_POLK
NA,FWC,TENOROC PITS,POLK,TENOROC PITS_POLK
NA,FWC,THOMAS,POLK,THOMAS_POLK
NA,FWC,TWINS,POLK,TWINS_POLK
NA,FWC,WINTERSET,POLK,WINTERSET_POLK
NA,FWC,CROSS FLORIDA BARGE CANAL,PUTNAM,CROSS FLORIDA BARGE CANAL_PUTNAM
NA,FWC,MOSS LEE,PUTNAM,MOSS LEE_PUTNAM
NA,FWC,GUANA RIVER,SAINT JOHNS,GUANA RIVER_SAINT JOHNS
NA,FWC,ST. JOHNS RIVER,SAINT JOHNS,ST. JOHNS RIVER_SAINT JOHNS
NA,FWC,BLACKWATER RIVER,SANTA ROSA,BLACKWATER RIVER_SANTA ROSA
NA,FWC,MYAKKA RIVER,SARASOTA,MYAKKA RIVER_SARASOTA
NA,FWC,ECONLOCKHATCHEE RIVER,SEMINOLE,ECONLOCKHATCHEE RIVER_SEMINOLE
NA,FWC,LITTLE WEKIVA RIVER,SEMINOLE,LITTLE WEKIVA RIVER_SEMINOLE
NA,FWC,TRIPLET,SEMINOLE,TRIPLET_SEMINOLE
NA,FWC,GANT AND CANAL,SUMTER,GANT AND CANAL_SUMTER
NA,FWC,SUWANNEE FMA,SUWANNEE,SUWANNEE FMA_SUWANNEE
NA,FWC,ECONFINA RIVER,TAYLOR,ECONFINA RIVER_TAYLOR
NA,FWC,NEW RIVER,UNION,NEW RIVER_UNION
NA,FWC,SWIFT CREEK,UNION,SWIFT CREEK_UNION
NA,FWC,COLBY,VOLUSIA,COLBY_VOLUSIA
NA,FWC,DELEON SPRINGS ST PARK WETLANDS,VOLUSIA,DELEON SPRINGS ST PARK WETLANDS_VOLUSIA
NA,FWC,DIAS,VOLUSIA,DIAS_VOLUSIA
NA,FWC,GEMINI SPRINGS,VOLUSIA,GEMINI SPRINGS_VOLUSIA
NA,FWC,MACY,VOLUSIA,MACY_VOLUSIA
NA,FWC,MCGARITY,VOLUSIA,MCGARITY_VOLUSIA
NA,FWC,MILLER,VOLUSIA,MILLER_VOLUSIA
NA,FWC,WOODRUF,VOLUSIA,WOODRUF_VOLUSIA
NA,FWC,WAKULLA RIVER,WAKULLA,WAKULLA RIVER_WAKULLA
NA,FWC,SMITH,WASHINGTON,SMITH_WASHINGTON
NA,FWC,ORANGE CREEK CONSERVATION AREA,ALACHUA,ORANGE CREEK CONSERVATION AREA_ALACHUA
NA,FWC,PAYNES PRAIRIE,ALACHUA,PAYNES PRAIRIE_ALACHUA
NA,FWC,WATERMELON POND,ALACHUA,WATERMELON POND_ALACHUA
NA,FWC,BAY COUNTY SALVINIA AREAS,BAY,BAY COUNTY SALVINIA AREAS_BAY
NA,FWC,FRANK BROWN FMA,BAY,FRANK BROWN FMA_BAY
NA,FWC,PANAMA CITY CRAYFISH WETLANDS,BAY,PANAMA CITY CRAYFISH WETLANDS_BAY
NA,FWC,LITTLE SAWGRASS,BREVARD,LITTLE SAWGRASS_BREVARD
NA,FWC,TM GOODWIN-BROADMOOR MARSH,BREVARD,TM GOODWIN-BROADMOOR MARSH_BREVARD
NA,FWC,WATER CONSERVATION AREAS,BROWARD,WATER CONSERVATION AREAS_BROWARD
NA,FWC,JONES LOOP RD RIGHT-OF-WAY,CHARLOTTE,JONES LOOP RD RIGHT-OF-WAY_CHARLOTTE
NA,FWC,PRAIRIE CREEK,CHARLOTTE,PRAIRIE CREEK_CHARLOTTE
NA,FWC,GENEVA,CLAY,GENEVA_CLAY
NA,FWC,WILLIAM SHEFFIELD,CLAY,WILLIAM SHEFFIELD_CLAY
NA,FWC,AIRPORT PULLING ROAD CANAL,COLLIER,AIRPORT PULLING ROAD CANAL_COLLIER
NA,FWC,COCOHATCHEE CANAL,COLLIER,COCOHATCHEE CANAL_COLLIER
NA,FWC,CORKSCREW MARSH,COLLIER,CORKSCREW MARSH_COLLIER
NA,FWC,OSCEOLA NATIONAL FOREST EPHEMERAL PONDS,COLUMBIA,OSCEOLA NATIONAL FOREST EPHEMERAL PONDS_COLUMBIA
NA,FWC,BAYMEADOWS FMA,DUVAL,BAYMEADOWS FMA_DUVAL
NA,FWC,BETHESDA FMA,DUVAL,BETHESDA FMA_DUVAL
NA,FWC,HANNA PARK FMA,DUVAL,HANNA PARK FMA_DUVAL
NA,FWC,OCEANWAY FMA,DUVAL,OCEANWAY FMA_DUVAL
NA,FWC,POPE DUVAL EAST FMA,DUVAL,POPE DUVAL EAST FMA_DUVAL
NA,FWC,POPE DUVAL WEST FMA,DUVAL,POPE DUVAL WEST FMA_DUVAL
NA,FWC,ST. AUGUSTINE FMA,DUVAL,ST. AUGUSTINE FMA_DUVAL
NA,FWC,BAYOU CHICO,ESCAMBIA,BAYOU CHICO_ESCAMBIA
NA,FWC,FERRY PASS POND,ESCAMBIA,FERRY PASS POND_ESCAMBIA
NA,FWC,HUCKLEBERRY CREEK,FRANKLIN,HUCKLEBERRY CREEK_FRANKLIN
NA,FWC,JOE BUDD POND,GADSDEN,JOE BUDD POND_GADSDEN
NA,FWC,LANG FMA,HAMILTON,LANG FMA_HAMILTON
NA,FWC,HARDEES FMA,HARDEE,HARDEES FMA_HARDEE
NA,FWC,AUGUST,HIGHLANDS,AUGUST_HIGHLANDS
NA,FWC,LITTLE BONNET,HIGHLANDS,LITTLE BONNET_HIGHLANDS
NA,FWC,PEACE POND,HIGHLANDS,PEACE POND_HIGHLANDS
NA,FWC,BOBBY HICKS POND,HILLSBOROUGH,BOBBY HICKS POND_HILLSBOROUGH
NA,FWC,ANSIN EAST IMPOUNDMENT,INDIAN RIVER,ANSIN EAST IMPOUNDMENT_INDIAN RIVER
NA,FWC,FELLSMERE RESERVOIR AREA SGA,INDIAN RIVER,FELLSMERE RESERVOIR AREA SGA_INDIAN RIVER
NA,FWC,APALACHEE WILDLIFE MANAGEMENT AREA,JACKSON,APALACHEE WILDLIFE MANAGEMENT AREA_JACKSON
NA,FWC,CHIPOLA RIVER,JACKSON,CHIPOLA RIVER_JACKSON
NA,FWC,OCHEESEE POND,JACKSON,OCHEESEE POND_JACKSON
NA,FWC,HILOCHEE WMA,LAKE,HILOCHEE WMA_LAKE
NA,FWC,PINE MEADOWS RESTORATION AREA,LAKE,PINE MEADOWS RESTORATION AREA_LAKE
NA,FWC,CALOOSAHATCHEE RIVER,LEE,CALOOSAHATCHEE RIVER_LEE
NA,FWC,SANIBEL RIVER SLOUGH,LEE,SANIBEL RIVER SLOUGH_LEE
NA,FWC,WILD TURKEY STRAND PRESERVE,LEE,WILD TURKEY STRAND PRESERVE_LEE
NA,FWC,YELLOW FEVER CREEK,LEE,YELLOW FEVER CREEK_LEE
NA,FWC,APALACHICOLA NF EPHEMERAL PONDS,LIBERTY,APALACHICOLA NF EPHEMERAL PONDS_LIBERTY
NA,FWC,BILL EVERS RESERVOIR,MANATEE,BILL EVERS RESERVOIR_MANATEE
NA,FWC,OCKLAWAHA PRAIRIE RESTORATION AREA,MARION,OCKLAWAHA PRAIRIE RESTORATION AREA_MARION
NA,FWC,DUPUIS MANAGEMENT AREA,MARTIN,DUPUIS MANAGEMENT AREA_MARTIN
NA,FWC,HALPATIOKEE REGIONAL PARKS,MARTIN,HALPATIOKEE REGIONAL PARKS_MARTIN
NA,FWC,HUNGRYLAND WEA,MARTIN,HUNGRYLAND WEA_MARTIN
NA,FWC,TROPICAL PARK FMA,MIAMI-DADE,TROPICAL PARK FMA_MIAMI-DADE
NA,FWC,ZOO MIAMIS,MIAMI-DADE,ZOO MIAMIS_MIAMI-DADE
NA,FWC,EGLIN EPHEMERAL PONDS,OKALOOSA,EGLIN EPHEMERAL PONDS_OKALOOSA
NA,FWC,KISSIMMEE PRAIRIE PRESERVE,OKEECHOBEE,KISSIMMEE PRAIRIE PRESERVE_OKEECHOBEE
NA,FWC,LOWER TAYLOR CREEK,OKEECHOBEE,LOWER TAYLOR CREEK_OKEECHOBEE
NA,FWC,LITTLE FISH,ORANGE,LITTLE FISH_ORANGE
NA,FWC,CORBETT WMA PONDS,PALM BEACH,CORBETT WMA PONDS_PALM BEACH
NA,FWC,EVERGLADES WMA,PALM BEACH,EVERGLADES WMA_PALM BEACH
NA,FWC,FWC PALM BEACH COUNTY SHOOTING SPORTS PARK,PALM BEACH,FWC PALM BEACH COUNTY SHOOTING SPORTS PARK_PALM BEACH
NA,FWC,HOLEY LAND WMA,PALM BEACH,HOLEY LAND WMA_PALM BEACH
NA,FWC,MECCA FARMS,PALM BEACH,MECCA FARMS_PALM BEACH
NA,FWC,OKEEHEELEE PARK,PALM BEACH,OKEEHEELEE PARK_PALM BEACH
NA,FWC,ROTENBERGER WMA,PALM BEACH,ROTENBERGER WMA_PALM BEACH
NA,FWC,IDYL,POLK,IDYL_POLK
NA,FWC,POINCIANA PONDS & CANALS,POLK,POINCIANA PONDS & CANALS_POLK
NA,FWC,SADDLE CREEK FMA,POLK,SADDLE CREEK FMA_POLK
NA,FWC,SAVANNAS PRESERVE STATE PARK,SAINT LUCIE,SAVANNAS PRESERVE STATE PARK_SAINT LUCIE
NA,FWC,ST. LUCIE RIVER,SAINT LUCIE,ST. LUCIE RIVER_SAINT LUCIE
NA,FWC,TEAGUE HAMMOCK PRESERVE,SAINT LUCIE,TEAGUE HAMMOCK PRESERVE_SAINT LUCIE
NA,FWC,GARCON POINT WMA,SANTA ROSA,GARCON POINT WMA_SANTA ROSA
NA,FWC,GARNIER CREEK,SANTA ROSA,GARNIER CREEK_SANTA ROSA
NA,FWC,MYAKKA RIVER SP WETLANDS,SARASOTA,MYAKKA RIVER SP WETLANDS_SARASOTA
NA,FWC,OSCAR SCHERER STAE PARK,SARASOTA,OSCAR SCHERER STAE PARK_SARASOTA
NA,FWC,PUZZLE,SEMINOLE,PUZZLE_SEMINOLE
NA,FWC,BLUE SPRINGS STATE PARK MARSH,VOLUSIA,BLUE SPRINGS STATE PARK MARSH_VOLUSIA
NA,FWC,CYPRESS,VOLUSIA,CYPRESS_VOLUSIA
NA,FWC,NELSON SPRINGS RUN,VOLUSIA,NELSON SPRINGS RUN_VOLUSIA
NA,FWC,FLINT ROCK WILDLIFE MGMT AREA EPHEMERAL PONDS,WAKULLA,FLINT ROCK WILDLIFE MGMT AREA EPHEMERAL PONDS_WAKULLA
NA,FWC,ST. MARKS RIVER,WAKULLA,ST. MARKS RIVER_WAKULLA
NA,FWC,CHOCTAWHATCHEE RIVER,WALTON,CHOCTAWHATCHEE RIVER_WALTON
NA,FWC,WESTERN,WALTON,WESTERN_WALTON
NA,LW,ALICE,ALACHUA,ALICE_ALACHUA
NA,FWC,NA,NA,NA_NA
NA,LW,BIVANS ARM,ALACHUA,BIVANS ARM_ALACHUA
NA,LW,BONNET,ALACHUA,BONNET_ALACHUA
NA,LW,CALF POND,ALACHUA,CALF POND_ALACHUA
NA,LW,CLEAR,ALACHUA,CLEAR_ALACHUA
NA,LW,DEAN POND,ALACHUA,DEAN POND_ALACHUA
NA,LW,DEEP SPRING POND,ALACHUA,DEEP SPRING POND_ALACHUA
NA,LW,ELIZABETH,ALACHUA,ELIZABETH_ALACHUA
NA,LW,GWYNN OAKS,ALACHUA,GWYNN OAKS_ALACHUA
NA,LW,HAMMOCKS,ALACHUA,HAMMOCKS_ALACHUA
NA,LW,HIDDEN,ALACHUA,HIDDEN_ALACHUA
NA,LW,HOLLY FOREST,ALACHUA,HOLLY FOREST_ALACHUA
NA,LW,IRONWOOD A,ALACHUA,IRONWOOD A_ALACHUA
NA,LW,IRONWOOD B,ALACHUA,IRONWOOD B_ALACHUA
NA,LW,IRONWOOD C,ALACHUA,IRONWOOD C_ALACHUA
NA,LW,IRONWOOD D,ALACHUA,IRONWOOD D_ALACHUA
NA,LW,IRONWOOD E,ALACHUA,IRONWOOD E_ALACHUA
NA,LW,IRONWOOD F,ALACHUA,IRONWOOD F_ALACHUA
NA,LW,IRONWOOD G,ALACHUA,IRONWOOD G_ALACHUA
NA,LW,IRONWOOD H,ALACHUA,IRONWOOD H_ALACHUA
NA,LW,JOHNSON POND,ALACHUA,JOHNSON POND_ALACHUA
NA,LW,KINGSWOOD,ALACHUA,KINGSWOOD_ALACHUA
NA,LW,LITTLE SANTA FE,ALACHUA,LITTLE SANTA FE_ALACHUA
NA,LW,MELROSE BAY,ALACHUA,MELROSE BAY_ALACHUA
NA,LW,META,ALACHUA,META_ALACHUA
NA,LW,MIZE,ALACHUA,MIZE_ALACHUA
NA,LW,MOON,ALACHUA,MOON_ALACHUA
NA,LW,MOSS,ALACHUA,MOSS_ALACHUA
NA,LW,POTANO PONDS,ALACHUA,POTANO PONDS_ALACHUA
NA,LW,SANTA FE-BARRICADE,ALACHUA,SANTA FE-BARRICADE_ALACHUA
NA,LW,SANTA FE-CANAL MOUTH,ALACHUA,SANTA FE-CANAL MOUTH_ALACHUA
NA,LW,SANTA FE-PAINTER CANAL,ALACHUA,SANTA FE-PAINTER CANAL_ALACHUA
NA,LW,WATERMELON POND,ALACHUA,WATERMELON POND_ALACHUA
NA,LW,LULLWATER,BAY,LULLWATER_BAY
NA,LW,MARIN,BAY,MARIN_BAY
NA,LW,POWELL,BAY,POWELL_BAY
NA,LW,POWELL SOUTH,BAY,POWELL SOUTH_BAY
NA,LW,BEDFORD,BRADFORD,BEDFORD_BRADFORD
NA,LW,BOLT,BRADFORD,BOLT_BRADFORD
NA,LW,DEVALERIO,BRADFORD,DEVALERIO_BRADFORD
NA,LW,PARADISE,BRADFORD,PARADISE_BRADFORD
NA,LW,PARADISE WEST,BRADFORD,PARADISE WEST_BRADFORD
NA,LW,SILVER,BRADFORD,SILVER_BRADFORD
NA,LW,CLARK,BREVARD,CLARK_BREVARD
NA,LW,CLEAR,BREVARD,CLEAR_BREVARD
NA,LW,FOREST,BREVARD,FOREST_BREVARD
NA,LW,HOLLADAY POND,BREVARD,HOLLADAY POND_BREVARD
NA,LW,PALM,BREVARD,PALM_BREVARD
NA,LW,PARKWAY MEADOWS,BREVARD,PARKWAY MEADOWS_BREVARD
NA,LW,SOUTH-CANAL,BREVARD,SOUTH-CANAL_BREVARD
NA,LW,TIMBER,BREVARD,TIMBER_BREVARD
NA,LW,VALKARIA,BREVARD,VALKARIA_BREVARD
NA,LW,YANCEY,BREVARD,YANCEY_BREVARD
NA,LW,ALEX,BROWARD,ALEX_BROWARD
NA,LW,BONNET SLOUGH,BROWARD,BONNET SLOUGH_BROWARD
NA,LW,CLIFF,BROWARD,CLIFF_BROWARD
NA,LW,CROSSBOW,BROWARD,CROSSBOW_BROWARD
NA,LW,DELEVOE,BROWARD,DELEVOE_BROWARD
NA,LW,DESOTO,BROWARD,DESOTO_BROWARD
NA,LW,E,BROWARD,E_BROWARD
NA,LW,EAST,BROWARD,EAST_BROWARD
NA,LW,ESTANCIA,BROWARD,ESTANCIA_BROWARD
NA,LW,ESTATES OF FT. LAUDERDALE,BROWARD,ESTATES OF FT. LAUDERDALE_BROWARD
NA,LW,EVERGLADES,BROWARD,EVERGLADES_BROWARD
NA,LW,FLAMINGO,BROWARD,FLAMINGO_BROWARD
NA,LW,FLAMINGO 2,BROWARD,FLAMINGO 2_BROWARD
NA,LW,HELEN,BROWARD,HELEN_BROWARD
NA,LW,HERITAGE,BROWARD,HERITAGE_BROWARD
NA,LW,HOLIDAY PARK,BROWARD,HOLIDAY PARK_BROWARD
NA,LW,JACARANDA 13,BROWARD,JACARANDA 13_BROWARD
NA,LW,JACARANDA 4,BROWARD,JACARANDA 4_BROWARD
NA,LW,LONG,BROWARD,LONG_BROWARD
NA,LW,MARKHAM,BROWARD,MARKHAM_BROWARD
NA,LW,MELVA,BROWARD,MELVA_BROWARD
NA,LW,NORTH,BROWARD,NORTH_BROWARD
NA,LW,QUIET WATERS,BROWARD,QUIET WATERS_BROWARD
NA,LW,RILEY,BROWARD,RILEY_BROWARD
NA,LW,ROCK CREEK,BROWARD,ROCK CREEK_BROWARD
NA,LW,ROYAL PALM,BROWARD,ROYAL PALM_BROWARD
NA,LW,SENECA,BROWARD,SENECA_BROWARD
NA,LW,SILVER,BROWARD,SILVER_BROWARD
NA,LW,SILVER 3,BROWARD,SILVER 3_BROWARD
NA,LW,SOUTH,BROWARD,SOUTH_BROWARD
NA,LW,STERLING,BROWARD,STERLING_BROWARD
NA,LW,TARPON,BROWARD,TARPON_BROWARD
NA,LW,TREE TOPS,BROWARD,TREE TOPS_BROWARD
NA,LW,TYRANO,BROWARD,TYRANO_BROWARD
NA,LW,WCA-3,BROWARD,WCA-3_BROWARD
NA,LW,WEST,BROWARD,WEST_BROWARD
NA,LW,WESTPORT 1,BROWARD,WESTPORT 1_BROWARD
NA,LW,WESTPORT 2,BROWARD,WESTPORT 2_BROWARD
NA,LW,WINDERMERE,BROWARD,WINDERMERE_BROWARD
NA,LW,AQUARIUS,CHARLOTTE,AQUARIUS_CHARLOTTE
NA,LW,BROADMOOR 1,CHARLOTTE,BROADMOOR 1_CHARLOTTE
NA,LW,BROADMOOR 2,CHARLOTTE,BROADMOOR 2_CHARLOTTE
NA,LW,BROADMOOR CREEK,CHARLOTTE,BROADMOOR CREEK_CHARLOTTE
NA,LW,BROADMOOR RIVER,CHARLOTTE,BROADMOOR RIVER_CHARLOTTE
NA,LW,BUCK CREEK WEIR,CHARLOTTE,BUCK CREEK WEIR_CHARLOTTE
NA,LW,BUTTERFORD,CHARLOTTE,BUTTERFORD_CHARLOTTE
NA,LW,CASA DE MEADOWS,CHARLOTTE,CASA DE MEADOWS_CHARLOTTE
NA,LW,LAGOON,CHARLOTTE,LAGOON_CHARLOTTE
NA,LW,LOCK,CHARLOTTE,LOCK_CHARLOTTE
NA,LW,LONGMEADOW RIVER,CHARLOTTE,LONGMEADOW RIVER_CHARLOTTE
NA,LW,MARINA,CHARLOTTE,MARINA_CHARLOTTE
NA,LW,OAKLAND HILLS END,CHARLOTTE,OAKLAND HILLS END_CHARLOTTE
NA,LW,OAKLAND HILLS RIVER,CHARLOTTE,OAKLAND HILLS RIVER_CHARLOTTE
NA,LW,PEBBLE BEACH CREEK,CHARLOTTE,PEBBLE BEACH CREEK_CHARLOTTE
NA,LW,PEBBLE BEACH RIVER,CHARLOTTE,PEBBLE BEACH RIVER_CHARLOTTE
NA,LW,PINE VALLEY END,CHARLOTTE,PINE VALLEY END_CHARLOTTE
NA,LW,PINE VALLEY WEIR,CHARLOTTE,PINE VALLEY WEIR_CHARLOTTE
NA,LW,PINEHURST RIVER,CHARLOTTE,PINEHURST RIVER_CHARLOTTE
NA,LW,POND 1,CHARLOTTE,POND 1_CHARLOTTE
NA,LW,POND 2,CHARLOTTE,POND 2_CHARLOTTE
NA,LW,POND 3,CHARLOTTE,POND 3_CHARLOTTE
NA,LW,POND 4,CHARLOTTE,POND 4_CHARLOTTE
NA,LW,POND 5,CHARLOTTE,POND 5_CHARLOTTE
NA,LW,POND 6,CHARLOTTE,POND 6_CHARLOTTE
NA,LW,POND 7,CHARLOTTE,POND 7_CHARLOTTE
NA,LW,SOUTH CRETE,CHARLOTTE,SOUTH CRETE_CHARLOTTE
NA,LW,SPRING,CHARLOTTE,SPRING_CHARLOTTE
NA,LW,STAUNTON,CHARLOTTE,STAUNTON_CHARLOTTE
NA,LW,WF-1,CHARLOTTE,WF-1_CHARLOTTE
NA,LW,WF-2,CHARLOTTE,WF-2_CHARLOTTE
NA,LW,WF-3,CHARLOTTE,WF-3_CHARLOTTE
NA,LW,WF-4,CHARLOTTE,WF-4_CHARLOTTE
NA,LW,WF-5,CHARLOTTE,WF-5_CHARLOTTE
NA,LW,WF-6,CHARLOTTE,WF-6_CHARLOTTE
NA,LW,WHITE MARSH,CHARLOTTE,WHITE MARSH_CHARLOTTE
NA,LW,WHITE MARSH INFLOW,CHARLOTTE,WHITE MARSH INFLOW_CHARLOTTE
NA,LW,WHITE MARSH INLET,CHARLOTTE,WHITE MARSH INLET_CHARLOTTE
NA,LW,WHITE MARSH WEIR,CHARLOTTE,WHITE MARSH WEIR_CHARLOTTE
NA,LW,ZEPHYR,CHARLOTTE,ZEPHYR_CHARLOTTE
NA,LW,BELLAMY,CITRUS,BELLAMY_CITRUS
NA,LW,CLUB HOUSE 1,CITRUS,CLUB HOUSE 1_CITRUS
NA,LW,CLUB HOUSE 2,CITRUS,CLUB HOUSE 2_CITRUS
NA,LW,COOTER POND,CITRUS,COOTER POND_CITRUS
NA,LW,CROFT,CITRUS,CROFT_CITRUS
NA,LW,DAVIS,CITRUS,DAVIS_CITRUS
NA,LW,DODD,CITRUS,DODD_CITRUS
NA,LW,FLORAL CITY,CITRUS,FLORAL CITY_CITRUS
NA,LW,FLORAL CITY NORTH,CITRUS,FLORAL CITY NORTH_CITRUS
NA,LW,FORT COOPER,CITRUS,FORT COOPER_CITRUS
NA,LW,HAMPTON,CITRUS,HAMPTON_CITRUS
NA,LW,HENDERSON,CITRUS,HENDERSON_CITRUS
NA,LW,HERNANDO,CITRUS,HERNANDO_CITRUS
NA,LW,LITTLE HENDERSON,CITRUS,LITTLE HENDERSON_CITRUS
NA,LW,LITTLE SPIVEY,CITRUS,LITTLE SPIVEY_CITRUS
NA,LW,NORTH,CITRUS,NORTH_CITRUS
NA,LW,PARK,CITRUS,PARK_CITRUS
NA,LW,RIVER MANOR,CITRUS,RIVER MANOR_CITRUS
NA,LW,ROUSSEAU EAST,CITRUS,ROUSSEAU EAST_CITRUS
NA,LW,SMALL,CITRUS,SMALL_CITRUS
NA,LW,SPIVEY,CITRUS,SPIVEY_CITRUS
NA,LW,TODD,CITRUS,TODD_CITRUS
NA,LW,TSALA APOPKA,CITRUS,TSALA APOPKA_CITRUS
NA,LW,TSALA APOPKA SOUTH,CITRUS,TSALA APOPKA SOUTH_CITRUS
NA,LW,TUSSOCK,CITRUS,TUSSOCK_CITRUS
NA,LW,VAN NESS,CITRUS,VAN NESS_CITRUS
NA,LW,ASBURY NORTH,CLAY,ASBURY NORTH_CLAY
NA,LW,ASBURY SOUTH,CLAY,ASBURY SOUTH_CLAY
NA,LW,BROOKLYN,CLAY,BROOKLYN_CLAY
NA,LW,BROOKLYN BAY,CLAY,BROOKLYN BAY_CLAY
NA,LW,CRYSTAL,CLAY,CRYSTAL_CLAY
NA,LW,DEER,CLAY,DEER_CLAY
NA,LW,DOCTORS,CLAY,DOCTORS_CLAY
NA,LW,GATOR BONE,CLAY,GATOR BONE_CLAY
NA,LW,GENEVA,CLAY,GENEVA_CLAY
NA,LW,HALL,CLAY,HALL_CLAY
NA,LW,HILLCREST,CLAY,HILLCREST_CLAY
NA,LW,HUTCHINSON,CLAY,HUTCHINSON_CLAY
NA,LW,JOHNSON,CLAY,JOHNSON_CLAY
NA,LW,KINGSLEY,CLAY,KINGSLEY_CLAY
NA,LW,LILY,CLAY,LILY_CLAY
NA,LW,LITTLE CRYSTAL,CLAY,LITTLE CRYSTAL_CLAY
NA,LW,LITTLE JOHNSON,CLAY,LITTLE JOHNSON_CLAY
NA,LW,LITTLE KEYSTONE,CLAY,LITTLE KEYSTONE_CLAY
NA,LW,MARGIE,CLAY,MARGIE_CLAY
NA,LW,OPAL,CLAY,OPAL_CLAY
NA,LW,PAYNES,CLAY,PAYNES_CLAY
NA,LW,PEBBLE,CLAY,PEBBLE_CLAY
NA,LW,RYAN,CLAY,RYAN_CLAY
NA,LW,SHEELAR,CLAY,SHEELAR_CLAY
NA,LW,SMITH,CLAY,SMITH_CLAY
NA,LW,SPRING,CLAY,SPRING_CLAY
NA,LW,TWIN,CLAY,TWIN_CLAY
NA,LW,WEST SMITH,CLAY,WEST SMITH_CLAY
NA,LW,WHITE SAND,CLAY,WHITE SAND_CLAY
NA,LW,BANYAN,COLLIER,BANYAN_COLLIER
NA,LW,CRYSTAL,COLLIER,CRYSTAL_COLLIER
NA,LW,LANTERN,COLLIER,LANTERN_COLLIER
NA,LW,LONGSHORE,COLLIER,LONGSHORE_COLLIER
NA,LW,PCL-16,COLLIER,PCL-16_COLLIER
NA,LW,PCL-2,COLLIER,PCL-2_COLLIER
NA,LW,PCL-5,COLLIER,PCL-5_COLLIER
NA,LW,PELICAN,COLLIER,PELICAN_COLLIER
NA,LW,QUARRY,COLLIER,QUARRY_COLLIER
NA,LW,SB-61,COLLIER,SB-61_COLLIER
NA,LW,SWAN,COLLIER,SWAN_COLLIER
NA,LW,VERONA WALK,COLLIER,VERONA WALK_COLLIER
NA,LW,ALLIGATOR SOUTH,COLUMBIA,ALLIGATOR SOUTH_COLUMBIA
NA,LW,JEFFERY,COLUMBIA,JEFFERY_COLUMBIA
NA,LW,MILLS CREEK,COLUMBIA,MILLS CREEK_COLUMBIA
NA,LW,SUZY,DESOTO,SUZY_DESOTO
NA,LW,GOVERNOR HILL,DIXIE,GOVERNOR HILL_DIXIE
NA,LW,FLEET LANDING,DUVAL,FLEET LANDING_DUVAL
NA,LW,HIDDEN,DUVAL,HIDDEN_DUVAL
NA,LW,LUCINA,DUVAL,LUCINA_DUVAL
NA,LW,MANDARIN,DUVAL,MANDARIN_DUVAL
NA,LW,MARIETTA,DUVAL,MARIETTA_DUVAL
NA,LW,POND 13,DUVAL,POND 13_DUVAL
NA,LW,RAY,DUVAL,RAY_DUVAL
NA,LW,WILLOW,DUVAL,WILLOW_DUVAL
NA,LW,BLUE ANGEL,ESCAMBIA,BLUE ANGEL_ESCAMBIA
NA,LW,CRESCENT,ESCAMBIA,CRESCENT_ESCAMBIA
NA,LW,CROWN POINT,ESCAMBIA,CROWN POINT_ESCAMBIA
NA,LW,GRANDE LAGOON,ESCAMBIA,GRANDE LAGOON_ESCAMBIA
NA,LW,AVALON,FLAGLER,AVALON_FLAGLER
NA,LW,BELLE AIRE,FLAGLER,BELLE AIRE_FLAGLER
NA,LW,BELLE AIRE SOUTH,FLAGLER,BELLE AIRE SOUTH_FLAGLER
NA,LW,BELLE TERRE,FLAGLER,BELLE TERRE_FLAGLER
NA,LW,BIRCHWOOD,FLAGLER,BIRCHWOOD_FLAGLER
NA,LW,BIRCHWOOD BASIN,FLAGLER,BIRCHWOOD BASIN_FLAGLER
NA,LW,BIRD OF PARADISE,FLAGLER,BIRD OF PARADISE_FLAGLER
NA,LW,BIRDWAY,FLAGLER,BIRDWAY_FLAGLER
NA,LW,BRANDON,FLAGLER,BRANDON_FLAGLER
NA,LW,BRITTANY,FLAGLER,BRITTANY_FLAGLER
NA,LW,CHEYENNE COVE,FLAGLER,CHEYENNE COVE_FLAGLER
NA,LW,DEAD,FLAGLER,DEAD_FLAGLER
NA,LW,EMERALD,FLAGLER,EMERALD_FLAGLER
NA,LW,GORE,FLAGLER,GORE_FLAGLER
NA,LW,GRAND HAVEN 1,FLAGLER,GRAND HAVEN 1_FLAGLER
NA,LW,GRAND HAVEN 12,FLAGLER,GRAND HAVEN 12_FLAGLER
NA,LW,GRAND HAVEN 13,FLAGLER,GRAND HAVEN 13_FLAGLER
NA,LW,GRAND HAVEN 18A,FLAGLER,GRAND HAVEN 18A_FLAGLER
NA,LW,GRAND HAVEN 28,FLAGLER,GRAND HAVEN 28_FLAGLER
NA,LW,GRAND HAVEN 4,FLAGLER,GRAND HAVEN 4_FLAGLER
NA,LW,GRAND HAVEN 5,FLAGLER,GRAND HAVEN 5_FLAGLER
NA,LW,GRAND HAVEN W6,FLAGLER,GRAND HAVEN W6_FLAGLER
NA,LW,LAKESIDE,FLAGLER,LAKESIDE_FLAGLER
NA,LW,MEDFORD,FLAGLER,MEDFORD_FLAGLER
NA,LW,NANTUCKET,FLAGLER,NANTUCKET_FLAGLER
NA,LW,PARKVIEW STREAM,FLAGLER,PARKVIEW STREAM_FLAGLER
NA,LW,PINE GROVE,FLAGLER,PINE GROVE_FLAGLER
NA,LW,RIBBON NORTH,FLAGLER,RIBBON NORTH_FLAGLER
NA,LW,RIPPLING,FLAGLER,RIPPLING_FLAGLER
NA,LW,RODGERS,FLAGLER,RODGERS_FLAGLER
NA,LW,SEA VISTA,FLAGLER,SEA VISTA_FLAGLER
NA,LW,WALKER WEST,FLAGLER,WALKER WEST_FLAGLER
NA,LW,WYNNFIELD,FLAGLER,WYNNFIELD_FLAGLER
NA,LW,LETT,GADSDEN,LETT_GADSDEN
NA,LW,TALLAVANA,GADSDEN,TALLAVANA_GADSDEN
NA,LW,YVETTE,GADSDEN,YVETTE_GADSDEN
NA,LW,DEAD,GULF,DEAD_GULF
NA,LW,DEPOT CREEK-1,GULF,DEPOT CREEK-1_GULF
NA,LW,DOVE FIELD-1,GULF,DOVE FIELD-1_GULF
NA,LW,WIMICO,GULF,WIMICO_GULF
NA,LW,OAK,HAMILTON,OAK_HAMILTON
NA,LW,OAK BAY,HAMILTON,OAK BAY_HAMILTON
NA,LW,PERCH POND,HAMILTON,PERCH POND_HAMILTON
NA,LW,TIMBER,HAMILTON,TIMBER_HAMILTON
NA,LW,BYSTRE,HERNANDO,BYSTRE_HERNANDO
NA,LW,CROAKER,HERNANDO,CROAKER_HERNANDO
NA,LW,HORSE,HERNANDO,HORSE_HERNANDO
NA,LW,MAY PRAIRIE,HERNANDO,MAY PRAIRIE_HERNANDO
NA,LW,NEFF,HERNANDO,NEFF_HERNANDO
NA,LW,SPARKMAN,HERNANDO,SPARKMAN_HERNANDO
NA,LW,SPRING,HERNANDO,SPRING_HERNANDO
NA,LW,ANGELO,HIGHLANDS,ANGELO_HIGHLANDS
NA,LW,ANNIE,HIGHLANDS,ANNIE_HIGHLANDS
NA,LW,ANOKA,HIGHLANDS,ANOKA_HIGHLANDS
NA,LW,AUGUST,HIGHLANDS,AUGUST_HIGHLANDS
NA,LW,BLUE,HIGHLANDS,BLUE_HIGHLANDS
NA,LW,BRENTWOOD,HIGHLANDS,BRENTWOOD_HIGHLANDS
NA,LW,BYRD,HIGHLANDS,BYRD_HIGHLANDS
NA,LW,CHARLOTTE,HIGHLANDS,CHARLOTTE_HIGHLANDS
NA,LW,CHILTON,HIGHLANDS,CHILTON_HIGHLANDS
NA,LW,CREWS,HIGHLANDS,CREWS_HIGHLANDS
NA,LW,DEER,HIGHLANDS,DEER_HIGHLANDS
NA,LW,DENTON,HIGHLANDS,DENTON_HIGHLANDS
NA,LW,DIANE,HIGHLANDS,DIANE_HIGHLANDS
NA,LW,EAGLE POND,HIGHLANDS,EAGLE POND_HIGHLANDS
NA,LW,ERIN PARK CANALS,HIGHLANDS,ERIN PARK CANALS_HIGHLANDS
NA,LW,FOX,HIGHLANDS,FOX_HIGHLANDS
NA,LW,GRASSY,HIGHLANDS,GRASSY_HIGHLANDS
NA,LW,HILL,HIGHLANDS,HILL_HIGHLANDS
NA,LW,HUCKLEBERRY,HIGHLANDS,HUCKLEBERRY_HIGHLANDS
NA,LW,ISIS,HIGHLANDS,ISIS_HIGHLANDS
NA,LW,ISTOKPOGA NORTH,HIGHLANDS,ISTOKPOGA NORTH_HIGHLANDS
NA,LW,JOSEPHINE EAST,HIGHLANDS,JOSEPHINE EAST_HIGHLANDS
NA,LW,JOSEPHINE WEST,HIGHLANDS,JOSEPHINE WEST_HIGHLANDS
NA,LW,JUNE NORTH,HIGHLANDS,JUNE NORTH_HIGHLANDS
NA,LW,LILLIAN,HIGHLANDS,LILLIAN_HIGHLANDS
NA,LW,LITTLE BONNET,HIGHLANDS,LITTLE BONNET_HIGHLANDS
NA,LW,LITTLE GRASSY,HIGHLANDS,LITTLE GRASSY_HIGHLANDS
NA,LW,LITTLE JACKSON,HIGHLANDS,LITTLE JACKSON_HIGHLANDS
NA,LW,LYNN,HIGHLANDS,LYNN_HIGHLANDS
NA,LW,MARY JANE,HIGHLANDS,MARY JANE_HIGHLANDS
NA,LW,MCCOY,HIGHLANDS,MCCOY_HIGHLANDS
NA,LW,MILLION,HIGHLANDS,MILLION_HIGHLANDS
NA,LW,MILLS POND,HIGHLANDS,MILLS POND_HIGHLANDS
NA,LW,MIRROR,HIGHLANDS,MIRROR_HIGHLANDS
NA,LW,PEARL,HIGHLANDS,PEARL_HIGHLANDS
NA,LW,PERSIMMON,HIGHLANDS,PERSIMMON_HIGHLANDS
NA,LW,RACHARD,HIGHLANDS,RACHARD_HIGHLANDS
NA,LW,RED WATER,HIGHLANDS,RED WATER_HIGHLANDS
NA,LW,SADDLEBAGS,HIGHLANDS,SADDLEBAGS_HIGHLANDS
NA,LW,SIRENA,HIGHLANDS,SIRENA_HIGHLANDS
NA,LW,TROUT,HIGHLANDS,TROUT_HIGHLANDS
NA,LW,TULANE,HIGHLANDS,TULANE_HIGHLANDS
NA,LW,VERONA,HIGHLANDS,VERONA_HIGHLANDS
NA,LW,WOLF,HIGHLANDS,WOLF_HIGHLANDS
NA,LW,ALBRIGHT,HILLSBOROUGH,ALBRIGHT_HILLSBOROUGH
NA,LW,ALICE,HILLSBOROUGH,ALICE_HILLSBOROUGH
NA,LW,ALLEN,HILLSBOROUGH,ALLEN_HILLSBOROUGH
NA,LW,ARMISTEAD,HILLSBOROUGH,ARMISTEAD_HILLSBOROUGH
NA,LW,AVILA,HILLSBOROUGH,AVILA_HILLSBOROUGH
NA,LW,BAY,HILLSBOROUGH,BAY_HILLSBOROUGH
NA,LW,BELLE WILDLIFE POND,HILLSBOROUGH,BELLE WILDLIFE POND_HILLSBOROUGH
NA,LW,BOOT,HILLSBOROUGH,BOOT_HILLSBOROUGH
NA,LW,BRANT,HILLSBOROUGH,BRANT_HILLSBOROUGH
NA,LW,BROOKER,HILLSBOROUGH,BROOKER_HILLSBOROUGH
NA,LW,BUCK,HILLSBOROUGH,BUCK_HILLSBOROUGH
NA,LW,BURRELL,HILLSBOROUGH,BURRELL_HILLSBOROUGH
NA,LW,BYRD,HILLSBOROUGH,BYRD_HILLSBOROUGH
NA,LW,CALM,HILLSBOROUGH,CALM_HILLSBOROUGH
NA,LW,CARLTON,HILLSBOROUGH,CARLTON_HILLSBOROUGH
NA,LW,CARLTON 2,HILLSBOROUGH,CARLTON 2_HILLSBOROUGH
NA,LW,CARROLL,HILLSBOROUGH,CARROLL_HILLSBOROUGH
NA,LW,CARROLL COVE,HILLSBOROUGH,CARROLL COVE_HILLSBOROUGH
NA,LW,CASEY,HILLSBOROUGH,CASEY_HILLSBOROUGH
NA,LW,CEDAR EAST,HILLSBOROUGH,CEDAR EAST_HILLSBOROUGH
NA,LW,CEDAR WEST,HILLSBOROUGH,CEDAR WEST_HILLSBOROUGH
NA,LW,CHAPMAN,HILLSBOROUGH,CHAPMAN_HILLSBOROUGH
NA,LW,CHAPMAN SOUTH,HILLSBOROUGH,CHAPMAN SOUTH_HILLSBOROUGH
NA,LW,CHARLES,HILLSBOROUGH,CHARLES_HILLSBOROUGH
NA,LW,CHURCH,HILLSBOROUGH,CHURCH_HILLSBOROUGH
NA,LW,COLEBROOK,HILLSBOROUGH,COLEBROOK_HILLSBOROUGH
NA,LW,COMMISTON,HILLSBOROUGH,COMMISTON_HILLSBOROUGH
NA,LW,COOPER,HILLSBOROUGH,COOPER_HILLSBOROUGH
NA,LW,CORY,HILLSBOROUGH,CORY_HILLSBOROUGH
NA,LW,COUNTRYS POND,HILLSBOROUGH,COUNTRYS POND_HILLSBOROUGH
NA,LW,COVE,HILLSBOROUGH,COVE_HILLSBOROUGH
NA,LW,CRENSHAW,HILLSBOROUGH,CRENSHAW_HILLSBOROUGH
NA,LW,CRESCENT,HILLSBOROUGH,CRESCENT_HILLSBOROUGH
NA,LW,CRUM,HILLSBOROUGH,CRUM_HILLSBOROUGH
NA,LW,CRYSTAL,HILLSBOROUGH,CRYSTAL_HILLSBOROUGH
NA,LW,CYPRESS,HILLSBOROUGH,CYPRESS_HILLSBOROUGH
NA,LW,DAN,HILLSBOROUGH,DAN_HILLSBOROUGH
NA,LW,DEAD LADY,HILLSBOROUGH,DEAD LADY_HILLSBOROUGH
NA,LW,DEER,HILLSBOROUGH,DEER_HILLSBOROUGH
NA,LW,DOROTHY,HILLSBOROUGH,DOROTHY_HILLSBOROUGH
NA,LW,DORSETT,HILLSBOROUGH,DORSETT_HILLSBOROUGH
NA,LW,DOSSON,HILLSBOROUGH,DOSSON_HILLSBOROUGH
NA,LW,EAST,HILLSBOROUGH,EAST_HILLSBOROUGH
NA,LW,ECHO,HILLSBOROUGH,ECHO_HILLSBOROUGH
NA,LW,ECKLES,HILLSBOROUGH,ECKLES_HILLSBOROUGH
NA,LW,EDNA,HILLSBOROUGH,EDNA_HILLSBOROUGH
NA,LW,EGYPT,HILLSBOROUGH,EGYPT_HILLSBOROUGH
NA,LW,ELIZABETH,HILLSBOROUGH,ELIZABETH_HILLSBOROUGH
NA,LW,ELLEN,HILLSBOROUGH,ELLEN_HILLSBOROUGH
NA,LW,ESTES,HILLSBOROUGH,ESTES_HILLSBOROUGH
NA,LW,EVA,HILLSBOROUGH,EVA_HILLSBOROUGH
NA,LW,FANTASIA,HILLSBOROUGH,FANTASIA_HILLSBOROUGH
NA,LW,FLEUR DE LIS,HILLSBOROUGH,FLEUR DE LIS_HILLSBOROUGH
NA,LW,FLYNN,HILLSBOROUGH,FLYNN_HILLSBOROUGH
NA,LW,FOREST,HILLSBOROUGH,FOREST_HILLSBOROUGH
NA,LW,FRANCIS,HILLSBOROUGH,FRANCIS_HILLSBOROUGH
NA,LW,FREEDOM,HILLSBOROUGH,FREEDOM_HILLSBOROUGH
NA,LW,FULLER,HILLSBOROUGH,FULLER_HILLSBOROUGH
NA,LW,GARDEN,HILLSBOROUGH,GARDEN_HILLSBOROUGH
NA,LW,GASS,HILLSBOROUGH,GASS_HILLSBOROUGH
NA,LW,GEORGE,HILLSBOROUGH,GEORGE_HILLSBOROUGH
NA,LW,GIBSON,HILLSBOROUGH,GIBSON_HILLSBOROUGH
NA,LW,GLASS,HILLSBOROUGH,GLASS_HILLSBOROUGH
NA,LW,GORNTO,HILLSBOROUGH,GORNTO_HILLSBOROUGH
NA,LW,GRACE,HILLSBOROUGH,GRACE_HILLSBOROUGH
NA,LW,GRADY,HILLSBOROUGH,GRADY_HILLSBOROUGH
NA,LW,HALFMOON,HILLSBOROUGH,HALFMOON_HILLSBOROUGH
NA,LW,HAMMOCK,HILLSBOROUGH,HAMMOCK_HILLSBOROUGH
NA,LW,HANNA,HILLSBOROUGH,HANNA_HILLSBOROUGH
NA,LW,HARVEY,HILLSBOROUGH,HARVEY_HILLSBOROUGH
NA,LW,HEATHER,HILLSBOROUGH,HEATHER_HILLSBOROUGH
NA,LW,HELEN,HILLSBOROUGH,HELEN_HILLSBOROUGH
NA,LW,HIAWATHA,HILLSBOROUGH,HIAWATHA_HILLSBOROUGH
NA,LW,HICKORY HAMMOCK,HILLSBOROUGH,HICKORY HAMMOCK_HILLSBOROUGH
NA,LW,HICKORY MANOR NORTH,HILLSBOROUGH,HICKORY MANOR NORTH_HILLSBOROUGH
NA,LW,HOBBS,HILLSBOROUGH,HOBBS_HILLSBOROUGH
NA,LW,HOG ISLAND,HILLSBOROUGH,HOG ISLAND_HILLSBOROUGH
NA,LW,HOLLY,HILLSBOROUGH,HOLLY_HILLSBOROUGH
NA,LW,HORSE,HILLSBOROUGH,HORSE_HILLSBOROUGH
NA,LW,HUNTER,HILLSBOROUGH,HUNTER_HILLSBOROUGH
NA,LW,ISLAND FORD,HILLSBOROUGH,ISLAND FORD_HILLSBOROUGH
NA,LW,JACKSON,HILLSBOROUGH,JACKSON_HILLSBOROUGH
NA,LW,JAMES,HILLSBOROUGH,JAMES_HILLSBOROUGH
NA,LW,JEANETTE,HILLSBOROUGH,JEANETTE_HILLSBOROUGH
NA,LW,JEREMY,HILLSBOROUGH,JEREMY_HILLSBOROUGH
NA,LW,JOSEPHINE,HILLSBOROUGH,JOSEPHINE_HILLSBOROUGH
NA,LW,JUANITA,HILLSBOROUGH,JUANITA_HILLSBOROUGH
NA,LW,JUNE,HILLSBOROUGH,JUNE_HILLSBOROUGH
NA,LW,KEENE,HILLSBOROUGH,KEENE_HILLSBOROUGH
NA,LW,KELL,HILLSBOROUGH,KELL_HILLSBOROUGH
NA,LW,KEN,HILLSBOROUGH,KEN_HILLSBOROUGH
NA,LW,KEYSTONE,HILLSBOROUGH,KEYSTONE_HILLSBOROUGH
NA,LW,LECLARE,HILLSBOROUGH,LECLARE_HILLSBOROUGH
NA,LW,LIPSEY,HILLSBOROUGH,LIPSEY_HILLSBOROUGH
NA,LW,LITTLE,HILLSBOROUGH,LITTLE_HILLSBOROUGH
NA,LW,LITTLE BASS,HILLSBOROUGH,LITTLE BASS_HILLSBOROUGH
NA,LW,LITTLE HALFMOON,HILLSBOROUGH,LITTLE HALFMOON_HILLSBOROUGH
NA,LW,LITTLE JEWEL,HILLSBOROUGH,LITTLE JEWEL_HILLSBOROUGH
NA,LW,LITTLE MOON,HILLSBOROUGH,LITTLE MOON_HILLSBOROUGH
NA,LW,LITTLE WILSON,HILLSBOROUGH,LITTLE WILSON_HILLSBOROUGH
NA,LW,LONG POND,HILLSBOROUGH,LONG POND_HILLSBOROUGH
NA,LW,LORDS,HILLSBOROUGH,LORDS_HILLSBOROUGH
NA,LW,LUTZ,HILLSBOROUGH,LUTZ_HILLSBOROUGH
NA,LW,MAGDALENE,HILLSBOROUGH,MAGDALENE_HILLSBOROUGH
NA,LW,MANGO,HILLSBOROUGH,MANGO_HILLSBOROUGH
NA,LW,MARTHA,HILLSBOROUGH,MARTHA_HILLSBOROUGH
NA,LW,MAURINE,HILLSBOROUGH,MAURINE_HILLSBOROUGH
NA,LW,MCCOMAS,HILLSBOROUGH,MCCOMAS_HILLSBOROUGH
NA,LW,MEAD,HILLSBOROUGH,MEAD_HILLSBOROUGH
NA,LW,MID,HILLSBOROUGH,MID_HILLSBOROUGH
NA,LW,MIDDLE,HILLSBOROUGH,MIDDLE_HILLSBOROUGH
NA,LW,MILL,HILLSBOROUGH,MILL_HILLSBOROUGH
NA,LW,MIRROR,HILLSBOROUGH,MIRROR_HILLSBOROUGH
NA,LW,MOHRLAKE,HILLSBOROUGH,MOHRLAKE_HILLSBOROUGH
NA,LW,MOORES,HILLSBOROUGH,MOORES_HILLSBOROUGH
NA,LW,MORLEY,HILLSBOROUGH,MORLEY_HILLSBOROUGH
NA,LW,MORRIS,HILLSBOROUGH,MORRIS_HILLSBOROUGH
NA,LW,MOUND,HILLSBOROUGH,MOUND_HILLSBOROUGH
NA,LW,MYRTLE,HILLSBOROUGH,MYRTLE_HILLSBOROUGH
NA,LW,NANCY,HILLSBOROUGH,NANCY_HILLSBOROUGH
NA,LW,NAWELA,HILLSBOROUGH,NAWELA_HILLSBOROUGH
NA,LW,NEW RYAN,HILLSBOROUGH,NEW RYAN_HILLSBOROUGH
NA,LW,NEWLANDS,HILLSBOROUGH,NEWLANDS_HILLSBOROUGH
NA,LW,NORBERT,HILLSBOROUGH,NORBERT_HILLSBOROUGH
NA,LW,NOREAST,HILLSBOROUGH,NOREAST_HILLSBOROUGH
NA,LW,NORTH POND,HILLSBOROUGH,NORTH POND_HILLSBOROUGH
NA,LW,OSCEOLA,HILLSBOROUGH,OSCEOLA_HILLSBOROUGH
NA,LW,PINE,HILLSBOROUGH,PINE_HILLSBOROUGH
NA,LW,PINE POND,HILLSBOROUGH,PINE POND_HILLSBOROUGH
NA,LW,PLACE,HILLSBOROUGH,PLACE_HILLSBOROUGH
NA,LW,PLATT,HILLSBOROUGH,PLATT_HILLSBOROUGH
NA,LW,POND 01-14,HILLSBOROUGH,POND 01-14_HILLSBOROUGH
NA,LW,POND 02-07,HILLSBOROUGH,POND 02-07_HILLSBOROUGH
NA,LW,POND 03-16,HILLSBOROUGH,POND 03-16_HILLSBOROUGH
NA,LW,POND 03-19,HILLSBOROUGH,POND 03-19_HILLSBOROUGH
NA,LW,POND 04-05,HILLSBOROUGH,POND 04-05_HILLSBOROUGH
NA,LW,POND 05-04 INLET,HILLSBOROUGH,POND 05-04 INLET_HILLSBOROUGH
NA,LW,POND 05-04 OUTLET,HILLSBOROUGH,POND 05-04 OUTLET_HILLSBOROUGH
NA,LW,POND 05-07,HILLSBOROUGH,POND 05-07_HILLSBOROUGH
NA,LW,POND 06-01,HILLSBOROUGH,POND 06-01_HILLSBOROUGH
NA,LW,POND 06-13,HILLSBOROUGH,POND 06-13_HILLSBOROUGH
NA,LW,POND 06-28,HILLSBOROUGH,POND 06-28_HILLSBOROUGH
NA,LW,POND 06-905 INFLOW,HILLSBOROUGH,POND 06-905 INFLOW_HILLSBOROUGH
NA,LW,POND 06-905 OUTFLOW,HILLSBOROUGH,POND 06-905 OUTFLOW_HILLSBOROUGH
NA,LW,POND 06-906,HILLSBOROUGH,POND 06-906_HILLSBOROUGH
NA,LW,POND 06-911,HILLSBOROUGH,POND 06-911_HILLSBOROUGH
NA,LW,POND 07-901,HILLSBOROUGH,POND 07-901_HILLSBOROUGH
NA,LW,POND 07-904,HILLSBOROUGH,POND 07-904_HILLSBOROUGH
NA,LW,POND 08-16,HILLSBOROUGH,POND 08-16_HILLSBOROUGH
NA,LW,POND 09-02,HILLSBOROUGH,POND 09-02_HILLSBOROUGH
NA,LW,POND 09-03,HILLSBOROUGH,POND 09-03_HILLSBOROUGH
NA,LW,POND 09-SP1,HILLSBOROUGH,POND 09-SP1_HILLSBOROUGH
NA,LW,POND 10-02,HILLSBOROUGH,POND 10-02_HILLSBOROUGH
NA,LW,POND 10-07,HILLSBOROUGH,POND 10-07_HILLSBOROUGH
NA,LW,POND 10-08,HILLSBOROUGH,POND 10-08_HILLSBOROUGH
NA,LW,POND 12-04,HILLSBOROUGH,POND 12-04_HILLSBOROUGH
NA,LW,POND 99-19,HILLSBOROUGH,POND 99-19_HILLSBOROUGH
NA,LW,PRETTY,HILLSBOROUGH,PRETTY_HILLSBOROUGH
NA,LW,RAINBOW,HILLSBOROUGH,RAINBOW_HILLSBOROUGH
NA,LW,REINHEIMER,HILLSBOROUGH,REINHEIMER_HILLSBOROUGH
NA,LW,RICHARD MULDOWNEY,HILLSBOROUGH,RICHARD MULDOWNEY_HILLSBOROUGH
NA,LW,ROBERTA,HILLSBOROUGH,ROBERTA_HILLSBOROUGH
NA,LW,ROCK,HILLSBOROUGH,ROCK_HILLSBOROUGH
NA,LW,ROGERS,HILLSBOROUGH,ROGERS_HILLSBOROUGH
NA,LW,ROGET,HILLSBOROUGH,ROGET_HILLSBOROUGH
NA,LW,ROUND,HILLSBOROUGH,ROUND_HILLSBOROUGH
NA,LW,ROUND POND,HILLSBOROUGH,ROUND POND_HILLSBOROUGH
NA,LW,RUSSELL,HILLSBOROUGH,RUSSELL_HILLSBOROUGH
NA,LW,SADDLEBACK SOUTH,HILLSBOROUGH,SADDLEBACK SOUTH_HILLSBOROUGH
NA,LW,SEPTEMBER,HILLSBOROUGH,SEPTEMBER_HILLSBOROUGH
NA,LW,SHANGRI-LA,HILLSBOROUGH,SHANGRI-LA_HILLSBOROUGH
NA,LW,SILVER,HILLSBOROUGH,SILVER_HILLSBOROUGH
NA,LW,SIMMONS,HILLSBOROUGH,SIMMONS_HILLSBOROUGH
NA,LW,SINCLAIR,HILLSBOROUGH,SINCLAIR_HILLSBOROUGH
NA,LW,SNAKE,HILLSBOROUGH,SNAKE_HILLSBOROUGH
NA,LW,SOUTH,HILLSBOROUGH,SOUTH_HILLSBOROUGH
NA,LW,ST. CLAIR,HILLSBOROUGH,ST. CLAIR_HILLSBOROUGH
NA,LW,STALL,HILLSBOROUGH,STALL_HILLSBOROUGH
NA,LW,STARVATION,HILLSBOROUGH,STARVATION_HILLSBOROUGH
NA,LW,STEARN,HILLSBOROUGH,STEARN_HILLSBOROUGH
NA,LW,STEMPER,HILLSBOROUGH,STEMPER_HILLSBOROUGH
NA,LW,STILLWATER,HILLSBOROUGH,STILLWATER_HILLSBOROUGH
NA,LW,STRAWBERRY,HILLSBOROUGH,STRAWBERRY_HILLSBOROUGH
NA,LW,STRAWBERRY NORTH,HILLSBOROUGH,STRAWBERRY NORTH_HILLSBOROUGH
NA,LW,STRAWBERRY SOUTH,HILLSBOROUGH,STRAWBERRY SOUTH_HILLSBOROUGH
NA,LW,SUNSET,HILLSBOROUGH,SUNSET_HILLSBOROUGH
NA,LW,SUNSHINE,HILLSBOROUGH,SUNSHINE_HILLSBOROUGH
NA,LW,SWAN,HILLSBOROUGH,SWAN_HILLSBOROUGH
NA,LW,TAYLOR,HILLSBOROUGH,TAYLOR_HILLSBOROUGH
NA,LW,TAYLOR 2,HILLSBOROUGH,TAYLOR 2_HILLSBOROUGH
NA,LW,TEAKWOOD,HILLSBOROUGH,TEAKWOOD_HILLSBOROUGH
NA,LW,TEN MILE,HILLSBOROUGH,TEN MILE_HILLSBOROUGH
NA,LW,TURTLE,HILLSBOROUGH,TURTLE_HILLSBOROUGH
NA,LW,TWIN,HILLSBOROUGH,TWIN_HILLSBOROUGH
NA,LW,VALRICO,HILLSBOROUGH,VALRICO_HILLSBOROUGH
NA,LW,VALRICO MIDDLE,HILLSBOROUGH,VALRICO MIDDLE_HILLSBOROUGH
NA,LW,VIRGINIA,HILLSBOROUGH,VIRGINIA_HILLSBOROUGH
NA,LW,WALDEN,HILLSBOROUGH,WALDEN_HILLSBOROUGH
NA,LW,WASTENA,HILLSBOROUGH,WASTENA_HILLSBOROUGH
NA,LW,WEE,HILLSBOROUGH,WEE_HILLSBOROUGH
NA,LW,WEST MEADOWS-15,HILLSBOROUGH,WEST MEADOWS-15_HILLSBOROUGH
NA,LW,WEST MEADOWS-3,HILLSBOROUGH,WEST MEADOWS-3_HILLSBOROUGH
NA,LW,WHITE TROUT,HILLSBOROUGH,WHITE TROUT_HILLSBOROUGH
NA,LW,WILFORD,HILLSBOROUGH,WILFORD_HILLSBOROUGH
NA,LW,WILSON,HILLSBOROUGH,WILSON_HILLSBOROUGH
NA,LW,WIMAUMA,HILLSBOROUGH,WIMAUMA_HILLSBOROUGH
NA,LW,WINTHROP,HILLSBOROUGH,WINTHROP_HILLSBOROUGH
NA,LW,WOOD,HILLSBOROUGH,WOOD_HILLSBOROUGH
NA,LW,WOODBERRY 2,HILLSBOROUGH,WOODBERRY 2_HILLSBOROUGH
NA,LW,ZAMBITO,HILLSBOROUGH,ZAMBITO_HILLSBOROUGH
NA,LW,ZAMBITO EAST,HILLSBOROUGH,ZAMBITO EAST_HILLSBOROUGH
NA,LW,CASSIDY,HOLMES,CASSIDY_HOLMES
NA,LW,FARM 13,INDIAN RIVER,FARM 13_INDIAN RIVER
NA,LW,SHORES,INDIAN RIVER,SHORES_INDIAN RIVER
NA,LW,STICK MARSH,INDIAN RIVER,STICK MARSH_INDIAN RIVER
NA,LW,COMPASS,JACKSON,COMPASS_JACKSON
NA,LW,MCCORMICK,JACKSON,MCCORMICK_JACKSON
NA,LW,SILVER,JACKSON,SILVER_JACKSON
NA,LW,BIDLINGMAYER,JEFFERSON,BIDLINGMAYER_JEFFERSON
NA,LW,MICCOSUKEE SINK,JEFFERSON,MICCOSUKEE SINK_JEFFERSON
NA,LW,WOOTEN,JEFFERSON,WOOTEN_JEFFERSON
NA,LW,AKRON,LAKE,AKRON_LAKE
NA,LW,ANNABELLE REED,LAKE,ANNABELLE REED_LAKE
NA,LW,APSHAWA,LAKE,APSHAWA_LAKE
NA,LW,ARLENE,LAKE,ARLENE_LAKE
NA,LW,ARTHUR,LAKE,ARTHUR_LAKE
NA,LW,BAY,LAKE,BAY_LAKE
NA,LW,BEAR,LAKE,BEAR_LAKE
NA,LW,BEAR 2,LAKE,BEAR 2_LAKE
NA,LW,BLACK,LAKE,BLACK_LAKE
NA,LW,BLUE,LAKE,BLUE_LAKE
NA,LW,CLEAR,LAKE,CLEAR_LAKE
NA,LW,COOLEY,LAKE,COOLEY_LAKE
NA,LW,CR BIG,LAKE,CR BIG_LAKE
NA,LW,CR SMALL,LAKE,CR SMALL_LAKE
NA,LW,CROOKED,LAKE,CROOKED_LAKE
NA,LW,CROWN,LAKE,CROWN_LAKE
NA,LW,CRYSTAL,LAKE,CRYSTAL_LAKE
NA,LW,DESIRE,LAKE,DESIRE_LAKE
NA,LW,DIXIE EAST,LAKE,DIXIE EAST_LAKE
NA,LW,DIXIE WEST,LAKE,DIXIE WEST_LAKE
NA,LW,DOLLS,LAKE,DOLLS_LAKE
NA,LW,DORA WEST,LAKE,DORA WEST_LAKE
NA,LW,EAGLE,LAKE,EAGLE_LAKE
NA,LW,EAST CROOKED,LAKE,EAST CROOKED_LAKE
NA,LW,EGRET,LAKE,EGRET_LAKE
NA,LW,ELDORADO,LAKE,ELDORADO_LAKE
NA,LW,ELLA 2,LAKE,ELLA 2_LAKE
NA,LW,ERIE,LAKE,ERIE_LAKE
NA,LW,EVERT,LAKE,EVERT_LAKE
NA,LW,FISH,LAKE,FISH_LAKE
NA,LW,FLORENCE,LAKE,FLORENCE_LAKE
NA,LW,GERTRUDE,LAKE,GERTRUDE_LAKE
NA,LW,GLONA,LAKE,GLONA_LAKE
NA,LW,GRACIE,LAKE,GRACIE_LAKE
NA,LW,GRASSY,LAKE,GRASSY_LAKE
NA,LW,GRIFFIN,LAKE,GRIFFIN_LAKE
NA,LW,GRIFFIN NORTH,LAKE,GRIFFIN NORTH_LAKE
NA,LW,GRIFFIN WEST,LAKE,GRIFFIN WEST_LAKE
NA,LW,HAINES,LAKE,HAINES_LAKE
NA,LW,HARRIS EAST,LAKE,HARRIS EAST_LAKE
NA,LW,HARRIS MIDDLE,LAKE,HARRIS MIDDLE_LAKE
NA,LW,HARRIS WEST,LAKE,HARRIS WEST_LAKE
NA,LW,HERMOSA,LAKE,HERMOSA_LAKE
NA,LW,HERON,LAKE,HERON_LAKE
NA,LW,HIAWATHA,LAKE,HIAWATHA_LAKE
NA,LW,HORSESHOE,LAKE,HORSESHOE_LAKE
NA,LW,IDAMERE,LAKE,IDAMERE_LAKE
NA,LW,IDLEWILD,LAKE,IDLEWILD_LAKE
NA,LW,JACKS,LAKE,JACKS_LAKE
NA,LW,JEM,LAKE,JEM_LAKE
NA,LW,JEWEL,LAKE,JEWEL_LAKE
NA,LW,JOANNA,LAKE,JOANNA_LAKE
NA,LW,KIRKLAND,LAKE,KIRKLAND_LAKE
NA,LW,LADY,LAKE,LADY_LAKE
NA,LW,LINDA,LAKE,LINDA_LAKE
NA,LW,LITTLE HARRIS,LAKE,LITTLE HARRIS_LAKE
NA,LW,LITTLE HOLLY,LAKE,LITTLE HOLLY_LAKE
NA,LW,LITTLE MARY,LAKE,LITTLE MARY_LAKE
NA,LW,LITTLE NELLIE,LAKE,LITTLE NELLIE_LAKE
NA,LW,LITTLE SAWMILL,LAKE,LITTLE SAWMILL_LAKE
NA,LW,LOCH LEVEN,LAKE,LOCH LEVEN_LAKE
NA,LW,LORRAINE,LAKE,LORRAINE_LAKE
NA,LW,MARY,LAKE,MARY_LAKE
NA,LW,MATHEWS,LAKE,MATHEWS_LAKE
NA,LW,MAY,LAKE,MAY_LAKE
NA,LW,MIDDLE BEAR,LAKE,MIDDLE BEAR_LAKE
NA,LW,MILL STREAM SWAMP,LAKE,MILL STREAM SWAMP_LAKE
NA,LW,MIRROR,LAKE,MIRROR_LAKE
NA,LW,MOUNT DORA,LAKE,MOUNT DORA_LAKE
NA,LW,NELLIE,LAKE,NELLIE_LAKE
NA,LW,NETTIE,LAKE,NETTIE_LAKE
NA,LW,NORTH TWIN,LAKE,NORTH TWIN_LAKE
NA,LW,OWEN,LAKE,OWEN_LAKE
NA,LW,PEANUT POND,LAKE,PEANUT POND_LAKE
NA,LW,PEARL,LAKE,PEARL_LAKE
NA,LW,PICCIOLA,LAKE,PICCIOLA_LAKE
NA,LW,PINE ISLAND,LAKE,PINE ISLAND_LAKE
NA,LW,PLACIDA,LAKE,PLACIDA_LAKE
NA,LW,PURDUM POND,LAKE,PURDUM POND_LAKE
NA,LW,ROYAL,LAKE,ROYAL_LAKE
NA,LW,SAUNDERS,LAKE,SAUNDERS_LAKE
NA,LW,SAWMILL,LAKE,SAWMILL_LAKE
NA,LW,SCRUB JAY POND,LAKE,SCRUB JAY POND_LAKE
NA,LW,SELLERS,LAKE,SELLERS_LAKE
NA,LW,SHADY NOOK,LAKE,SHADY NOOK_LAKE
NA,LW,SILVER,LAKE,SILVER_LAKE
NA,LW,SILVER PAISLEY,LAKE,SILVER PAISLEY_LAKE
NA,LW,SOUTH TWIN,LAKE,SOUTH TWIN_LAKE
NA,LW,SPENCER,LAKE,SPENCER_LAKE
NA,LW,SUNSET,LAKE,SUNSET_LAKE
NA,LW,SUNSHINE,LAKE,SUNSHINE_LAKE
NA,LW,SWATARA,LAKE,SWATARA_LAKE
NA,LW,TAVARES,LAKE,TAVARES_LAKE
NA,LW,TURKEY SE,LAKE,TURKEY SE_LAKE
NA,LW,UNITY,LAKE,UNITY_LAKE
NA,LW,WASH,LAKE,WASH_LAKE
NA,LW,WOODWARD,LAKE,WOODWARD_LAKE
NA,LW,ZEPHYR,LAKE,ZEPHYR_LAKE
NA,LW,DONUT,LEE,DONUT_LEE
NA,LW,DUNES,LEE,DUNES_LEE
NA,LW,EAST ROCKS,LEE,EAST ROCKS_LEE
NA,LW,EAST ROCKS WEST,LEE,EAST ROCKS WEST_LEE
NA,LW,GULF PINES,LEE,GULF PINES_LEE
NA,LW,GULF SHORES,LEE,GULF SHORES_LEE
NA,LW,GULF SHORES WEST,LEE,GULF SHORES WEST_LEE
NA,LW,GUMBO LIMBO,LEE,GUMBO LIMBO_LEE
NA,LW,HARBORAGE EAST,LEE,HARBORAGE EAST_LEE
NA,LW,HARBORAGE WEST,LEE,HARBORAGE WEST_LEE
NA,LW,HOPEFIELD,LEE,HOPEFIELD_LEE
NA,LW,LADY FINGER,LEE,LADY FINGER_LEE
NA,LW,LITTLE MUREX,LEE,LITTLE MUREX_LEE
NA,LW,LITTLE PORTION,LEE,LITTLE PORTION_LEE
NA,LW,MUREX,LEE,MUREX_LEE
NA,LW,ROSEATE,LEE,ROSEATE_LEE
NA,LW,SANDOVAL 1,LEE,SANDOVAL 1_LEE
NA,LW,SANDOVAL 13,LEE,SANDOVAL 13_LEE
NA,LW,SANDOVAL 15,LEE,SANDOVAL 15_LEE
NA,LW,SANDOVAL 18,LEE,SANDOVAL 18_LEE
NA,LW,SANDOVAL 20,LEE,SANDOVAL 20_LEE
NA,LW,SANDOVAL 6,LEE,SANDOVAL 6_LEE
NA,LW,SEA OATS,LEE,SEA OATS_LEE
NA,LW,ST. KILDA,LEE,ST. KILDA_LEE
NA,LW,VENUS,LEE,VENUS_LEE
NA,LW,WEST ROCKS,LEE,WEST ROCKS_LEE
NA,LW,ALFORD ARM,LEON,ALFORD ARM_LEON
NA,LW,ANDREW,LEON,ANDREW_LEON
NA,LW,ANNA,LEON,ANNA_LEON
NA,LW,ARROWHEAD,LEON,ARROWHEAD_LEON
NA,LW,BECKY,LEON,BECKY_LEON
NA,LW,BELMONT,LEON,BELMONT_LEON
NA,LW,BLAIRSTONE,LEON,BLAIRSTONE_LEON
NA,LW,BLUE HERON,LEON,BLUE HERON_LEON
NA,LW,BRADFORD,LEON,BRADFORD_LEON
NA,LW,CAMPGROUND POND,LEON,CAMPGROUND POND_LEON
NA,LW,CAROLYN,LEON,CAROLYN_LEON
NA,LW,CASCADE,LEON,CASCADE_LEON
NA,LW,CHAPMAN POND,LEON,CHAPMAN POND_LEON
NA,LW,CLEAR,LEON,CLEAR_LEON
NA,LW,COOLVIEW POND,LEON,COOLVIEW POND_LEON
NA,LW,DIANE,LEON,DIANE_LEON
NA,LW,DUCK,LEON,DUCK_LEON
NA,LW,EEL,LEON,EEL_LEON
NA,LW,ELIZABETH,LEON,ELIZABETH_LEON
NA,LW,ERIE,LEON,ERIE_LEON
NA,LW,FISHER,LEON,FISHER_LEON
NA,LW,GANNETT POND,LEON,GANNETT POND_LEON
NA,LW,GOOSE POND,LEON,GOOSE POND_LEON
NA,LW,GRASSY,LEON,GRASSY_LEON
NA,LW,GRIFFIN,LEON,GRIFFIN_LEON
NA,LW,HARRIMAN POND,LEON,HARRIMAN POND_LEON
NA,LW,HERITAGE,LEON,HERITAGE_LEON
NA,LW,HIAWATHA,LEON,HIAWATHA_LEON
NA,LW,HORNE SPRINGS,LEON,HORNE SPRINGS_LEON
NA,LW,JAMIE,LEON,JAMIE_LEON
NA,LW,JANE,LEON,JANE_LEON
NA,LW,JEAN,LEON,JEAN_LEON
NA,LW,KCC 12,LEON,KCC 12_LEON
NA,LW,KCC 14,LEON,KCC 14_LEON
NA,LW,KCC 4,LEON,KCC 4_LEON
NA,LW,KCC 8,LEON,KCC 8_LEON
NA,LW,KILLARNEY,LEON,KILLARNEY_LEON
NA,LW,LEE,LEON,LEE_LEON
NA,LW,LITTLE JACKSON,LEON,LITTLE JACKSON_LEON
NA,LW,LOFTON POND,LEON,LOFTON POND_LEON
NA,LW,LONGLEAT,LEON,LONGLEAT_LEON
NA,LW,MATTIE,LEON,MATTIE_LEON
NA,LW,MCBRIDE,LEON,MCBRIDE_LEON
NA,LW,MCCORD POND,LEON,MCCORD POND_LEON
NA,LW,MEGINNIS ARM,LEON,MEGINNIS ARM_LEON
NA,LW,MINNIEHAHA,LEON,MINNIEHAHA_LEON
NA,LW,MITCHELL ARM,LEON,MITCHELL ARM_LEON
NA,LW,MONKEY BUSINESS,LEON,MONKEY BUSINESS_LEON
NA,LW,MOORE,LEON,MOORE_LEON
NA,LW,MOORE 2,LEON,MOORE 2_LEON
NA,LW,MOORE POND,LEON,MOORE POND_LEON
NA,LW,OAKFAIR FARMS POND,LEON,OAKFAIR FARMS POND_LEON
NA,LW,ORCHARD POND,LEON,ORCHARD POND_LEON
NA,LW,OVERSTREET,LEON,OVERSTREET_LEON
NA,LW,PETTY GULF,LEON,PETTY GULF_LEON
NA,LW,PINE HILL,LEON,PINE HILL_LEON
NA,LW,PINEY Z,LEON,PINEY Z_LEON
NA,LW,SHEELIN,LEON,SHEELIN_LEON
NA,LW,SHELLY POND,LEON,SHELLY POND_LEON
NA,LW,SILVER,LEON,SILVER_LEON
NA,LW,SPRING POND,LEON,SPRING POND_LEON
NA,LW,SUMMERSET,LEON,SUMMERSET_LEON
NA,LW,SUSAN,LEON,SUSAN_LEON
NA,LW,TOM JOHN,LEON,TOM JOHN_LEON
NA,LW,TROUT POND,LEON,TROUT POND_LEON
NA,LW,WEEKS,LEON,WEEKS_LEON
NA,LW,WINDERMERE,LEON,WINDERMERE_LEON
NA,LW,LONG POND,LEVY,LONG POND_LEVY
NA,LW,MYSTIC,LIBERTY,MYSTIC_LIBERTY
NA,LW,WARD,MANATEE,WARD_MANATEE
NA,LW,BLUE COVE,MARION,BLUE COVE_MARION
NA,LW,BOWERS,MARION,BOWERS_MARION
NA,LW,BUCK,MARION,BUCK_MARION
NA,LW,DEERBACK,MARION,DEERBACK_MARION
NA,LW,DOE,MARION,DOE_MARION
NA,LW,ECHO,MARION,ECHO_MARION
NA,LW,FORE,MARION,FORE_MARION
NA,LW,HALFMOON,MARION,HALFMOON_MARION
NA,LW,HOPKINS PRAIRIE,MARION,HOPKINS PRAIRIE_MARION
NA,LW,HORSESHOE,MARION,HORSESHOE_MARION
NA,LW,ISLAND,MARION,ISLAND_MARION
NA,LW,JOES,MARION,JOES_MARION
NA,LW,KING,MARION,KING_MARION
NA,LW,LILLIAN,MARION,LILLIAN_MARION
NA,LW,LITTLE KERR,MARION,LITTLE KERR_MARION
NA,LW,LITTLE WEIR,MARION,LITTLE WEIR_MARION
NA,LW,LOU,MARION,LOU_MARION
NA,LW,MARY,MARION,MARY_MARION
NA,LW,MILES KALE,MARION,MILES KALE_MARION
NA,LW,MILL DAM,MARION,MILL DAM_MARION
NA,LW,MILL POND,MARION,MILL POND_MARION
NA,LW,NORTH,MARION,NORTH_MARION
NA,LW,OWENS,MARION,OWENS_MARION
NA,LW,PEGRAM,MARION,PEGRAM_MARION
NA,LW,PENDARVIS,MARION,PENDARVIS_MARION
NA,LW,SHOESOLE,MARION,SHOESOLE_MARION
NA,LW,SMITH,MARION,SMITH_MARION
NA,LW,SUNSET HARBOR,MARION,SUNSET HARBOR_MARION
NA,LW,TIGER,MARION,TIGER_MARION
NA,LW,TOMAHAWK,MARION,TOMAHAWK_MARION
NA,LW,LAMAY,MARTIN,LAMAY_MARTIN
NA,LW,AQUA BOWL,MIAMI-DADE,AQUA BOWL_MIAMI-DADE
NA,LW,ARCH CREEK,MIAMI-DADE,ARCH CREEK_MIAMI-DADE
NA,LW,BONITA 1,MIAMI-DADE,BONITA 1_MIAMI-DADE
NA,LW,CHARA,MIAMI-DADE,CHARA_MIAMI-DADE
NA,LW,COCONUT,MIAMI-DADE,COCONUT_MIAMI-DADE
NA,LW,COLONIAL,MIAMI-DADE,COLONIAL_MIAMI-DADE
NA,LW,CROSSINGS,MIAMI-DADE,CROSSINGS_MIAMI-DADE
NA,LW,DEVON AIRE,MIAMI-DADE,DEVON AIRE_MIAMI-DADE
NA,LW,E,MIAMI-DADE,E_MIAMI-DADE
NA,LW,ESPLANADE,MIAMI-DADE,ESPLANADE_MIAMI-DADE
NA,LW,FEEDER,MIAMI-DADE,FEEDER_MIAMI-DADE
NA,LW,FIORENTINO,MIAMI-DADE,FIORENTINO_MIAMI-DADE
NA,LW,FIU NATURE PRESERVE,MIAMI-DADE,FIU NATURE PRESERVE_MIAMI-DADE
NA,LW,GLADE,MIAMI-DADE,GLADE_MIAMI-DADE
NA,LW,GMSC,MIAMI-DADE,GMSC_MIAMI-DADE
NA,LW,HAMMOCK 1,MIAMI-DADE,HAMMOCK 1_MIAMI-DADE
NA,LW,HAMMOCK 2,MIAMI-DADE,HAMMOCK 2_MIAMI-DADE
NA,LW,HIGHLAND,MIAMI-DADE,HIGHLAND_MIAMI-DADE
NA,LW,IVES DAIRY,MIAMI-DADE,IVES DAIRY_MIAMI-DADE
NA,LW,LAGO LUNA,MIAMI-DADE,LAGO LUNA_MIAMI-DADE
NA,LW,LAGO SOL,MIAMI-DADE,LAGO SOL_MIAMI-DADE
NA,LW,LAKERIDGE,MIAMI-DADE,LAKERIDGE_MIAMI-DADE
NA,LW,LINDGREN,MIAMI-DADE,LINDGREN_MIAMI-DADE
NA,LW,LUCY REDLAND,MIAMI-DADE,LUCY REDLAND_MIAMI-DADE
NA,LW,MITCHELL,MIAMI-DADE,MITCHELL_MIAMI-DADE
NA,LW,NORTH BASS,MIAMI-DADE,NORTH BASS_MIAMI-DADE
NA,LW,OAKLAND,MIAMI-DADE,OAKLAND_MIAMI-DADE
NA,LW,PANDANAS,MIAMI-DADE,PANDANAS_MIAMI-DADE
NA,LW,PAVILLION 12,MIAMI-DADE,PAVILLION 12_MIAMI-DADE
NA,LW,PERSCH,MIAMI-DADE,PERSCH_MIAMI-DADE
NA,LW,PINELAND,MIAMI-DADE,PINELAND_MIAMI-DADE
NA,LW,ROYAL,MIAMI-DADE,ROYAL_MIAMI-DADE
NA,LW,SINGAPORE,MIAMI-DADE,SINGAPORE_MIAMI-DADE
NA,LW,SKY,MIAMI-DADE,SKY_MIAMI-DADE
NA,LW,SNAPPER CREEK PARK,MIAMI-DADE,SNAPPER CREEK PARK_MIAMI-DADE
NA,LW,SNOOK POND,MIAMI-DADE,SNOOK POND_MIAMI-DADE
NA,LW,SUNRISE,MIAMI-DADE,SUNRISE_MIAMI-DADE
NA,LW,WHISPERING PINES,MIAMI-DADE,WHISPERING PINES_MIAMI-DADE
NA,LW,DESBIENS,MONROE,DESBIENS_MONROE
NA,LW,KEY WEST POND,MONROE,KEY WEST POND_MONROE
NA,LW,NORTHSIDE,MONROE,NORTHSIDE_MONROE
NA,LW,EAST NASSAU,NASSAU,EAST NASSAU_NASSAU
NA,LW,BASS,OKALOOSA,BASS_OKALOOSA
NA,LW,COLEMAN,OKALOOSA,COLEMAN_OKALOOSA
NA,LW,EARL,OKALOOSA,EARL_OKALOOSA
NA,LW,GRASS,OKALOOSA,GRASS_OKALOOSA
NA,LW,KELL-AIRE,OKALOOSA,KELL-AIRE_OKALOOSA
NA,LW,QUAIL,OKALOOSA,QUAIL_OKALOOSA
NA,LW,ROBERTS,OKALOOSA,ROBERTS_OKALOOSA
NA,LW,SPRING,OKALOOSA,SPRING_OKALOOSA
NA,LW,ADAIR,ORANGE,ADAIR_ORANGE
NA,LW,ANGELINA,ORANGE,ANGELINA_ORANGE
NA,LW,ARNOLD,ORANGE,ARNOLD_ORANGE
NA,LW,AVALON,ORANGE,AVALON_ORANGE
NA,LW,BARTON,ORANGE,BARTON_ORANGE
NA,LW,BAY,ORANGE,BAY_ORANGE
NA,LW,BELL,ORANGE,BELL_ORANGE
NA,LW,BENNETT,ORANGE,BENNETT_ORANGE
NA,LW,BESSIE,ORANGE,BESSIE_ORANGE
NA,LW,BIG SAND,ORANGE,BIG SAND_ORANGE
NA,LW,BIG SAND BAY,ORANGE,BIG SAND BAY_ORANGE
NA,LW,BOERS,ORANGE,BOERS_ORANGE
NA,LW,BURKETT,ORANGE,BURKETT_ORANGE
NA,LW,C,ORANGE,C_ORANGE
NA,LW,CANE,ORANGE,CANE_ORANGE
NA,LW,CAY DEE,ORANGE,CAY DEE_ORANGE
NA,LW,CAY DEE NORTH,ORANGE,CAY DEE NORTH_ORANGE
NA,LW,CAY DEE SOUTH,ORANGE,CAY DEE SOUTH_ORANGE
NA,LW,CHEROKEE,ORANGE,CHEROKEE_ORANGE
NA,LW,CHRISTIE,ORANGE,CHRISTIE_ORANGE
NA,LW,CLAIRE,ORANGE,CLAIRE_ORANGE
NA,LW,COMO,ORANGE,COMO_ORANGE
NA,LW,CONCORD,ORANGE,CONCORD_ORANGE
NA,LW,CONWAY SOUTH,ORANGE,CONWAY SOUTH_ORANGE
NA,LW,COPELAND,ORANGE,COPELAND_ORANGE
NA,LW,CRESCENT,ORANGE,CRESCENT_ORANGE
NA,LW,CRYSTAL,ORANGE,CRYSTAL_ORANGE
NA,LW,CYPRESS,ORANGE,CYPRESS_ORANGE
NA,LW,DANIEL,ORANGE,DANIEL_ORANGE
NA,LW,DAVIS,ORANGE,DAVIS_ORANGE
NA,LW,DOT,ORANGE,DOT_ORANGE
NA,LW,DOUGLAS,ORANGE,DOUGLAS_ORANGE
NA,LW,DOWNEY,ORANGE,DOWNEY_ORANGE
NA,LW,DRAWDY,ORANGE,DRAWDY_ORANGE
NA,LW,DREAM,ORANGE,DREAM_ORANGE
NA,LW,DRUID,ORANGE,DRUID_ORANGE
NA,LW,EOLA,ORANGE,EOLA_ORANGE
NA,LW,ESTELLE,ORANGE,ESTELLE_ORANGE
NA,LW,ESTELLE EAST,ORANGE,ESTELLE EAST_ORANGE
NA,LW,EULALIA,ORANGE,EULALIA_ORANGE
NA,LW,EVE,ORANGE,EVE_ORANGE
NA,LW,FARRAR,ORANGE,FARRAR_ORANGE
NA,LW,FISCHER,ORANGE,FISCHER_ORANGE
NA,LW,FISH,ORANGE,FISH_ORANGE
NA,LW,FLOY,ORANGE,FLOY_ORANGE
NA,LW,FORMOSA,ORANGE,FORMOSA_ORANGE
NA,LW,FREDRICA,ORANGE,FREDRICA_ORANGE
NA,LW,GEAR,ORANGE,GEAR_ORANGE
NA,LW,GEM,ORANGE,GEM_ORANGE
NA,LW,GEORGE,ORANGE,GEORGE_ORANGE
NA,LW,GEORGIA,ORANGE,GEORGIA_ORANGE
NA,LW,GILES,ORANGE,GILES_ORANGE
NA,LW,GREENWOOD,ORANGE,GREENWOOD_ORANGE
NA,LW,HIAWASSEE,ORANGE,HIAWASSEE_ORANGE
NA,LW,HICKORYNUT,ORANGE,HICKORYNUT_ORANGE
NA,LW,HICKORYNUT SOUTH,ORANGE,HICKORYNUT SOUTH_ORANGE
NA,LW,HIGHLAND,ORANGE,HIGHLAND_ORANGE
NA,LW,HOLDEN,ORANGE,HOLDEN_ORANGE
NA,LW,HOPE,ORANGE,HOPE_ORANGE
NA,LW,HORSESHOE,ORANGE,HORSESHOE_ORANGE
NA,LW,HOURGLASS,ORANGE,HOURGLASS_ORANGE
NA,LW,HUBBERT,ORANGE,HUBBERT_ORANGE
NA,LW,HUCKLEBERRY,ORANGE,HUCKLEBERRY_ORANGE
NA,LW,IRMA,ORANGE,IRMA_ORANGE
NA,LW,IVANHOE MIDDLE,ORANGE,IVANHOE MIDDLE_ORANGE
NA,LW,IVANHOE NORTHWEST,ORANGE,IVANHOE NORTHWEST_ORANGE
NA,LW,IVANHOE WEST,ORANGE,IVANHOE WEST_ORANGE
NA,LW,JACKSON,ORANGE,JACKSON_ORANGE
NA,LW,JESSAMINE NORTH,ORANGE,JESSAMINE NORTH_ORANGE
NA,LW,JESSAMINE SOUTH,ORANGE,JESSAMINE SOUTH_ORANGE
NA,LW,JOHIO,ORANGE,JOHIO_ORANGE
NA,LW,KILLARNEY,ORANGE,KILLARNEY_ORANGE
NA,LW,LA GRANGE,ORANGE,LA GRANGE_ORANGE
NA,LW,LANCASTER,ORANGE,LANCASTER_ORANGE
NA,LW,LAWSONA,ORANGE,LAWSONA_ORANGE
NA,LW,LEE,ORANGE,LEE_ORANGE
NA,LW,LITTLE CONWAY,ORANGE,LITTLE CONWAY_ORANGE
NA,LW,LITTLE DOWN,ORANGE,LITTLE DOWN_ORANGE
NA,LW,LITTLE FAIRVIEW,ORANGE,LITTLE FAIRVIEW_ORANGE
NA,LW,LITTLE HICKORYNUT,ORANGE,LITTLE HICKORYNUT_ORANGE
NA,LW,LITTLE PHEASANT,ORANGE,LITTLE PHEASANT_ORANGE
NA,LW,LITTLE WAUSEON BAY,ORANGE,LITTLE WAUSEON BAY_ORANGE
NA,LW,LOCKHART,ORANGE,LOCKHART_ORANGE
NA,LW,LORNA DOONE,ORANGE,LORNA DOONE_ORANGE
NA,LW,LOST COVE,ORANGE,LOST COVE_ORANGE
NA,LW,LOVE,ORANGE,LOVE_ORANGE
NA,LW,LUCERNE EAST,ORANGE,LUCERNE EAST_ORANGE
NA,LW,LUCERNE WEST,ORANGE,LUCERNE WEST_ORANGE
NA,LW,LUCIEN,ORANGE,LUCIEN_ORANGE
NA,LW,LUCY,ORANGE,LUCY_ORANGE
NA,LW,LURNA,ORANGE,LURNA_ORANGE
NA,LW,MARGARET,ORANGE,MARGARET_ORANGE
NA,LW,MARSHA,ORANGE,MARSHA_ORANGE
NA,LW,MARSHALL,ORANGE,MARSHALL_ORANGE
NA,LW,MARTHA,ORANGE,MARTHA_ORANGE
NA,LW,MARY JESS,ORANGE,MARY JESS_ORANGE
NA,LW,METRO WEST,ORANGE,METRO WEST_ORANGE
NA,LW,MIRA,ORANGE,MIRA_ORANGE
NA,LW,MOXIE,ORANGE,MOXIE_ORANGE
NA,LW,NAN,ORANGE,NAN_ORANGE
NA,LW,NORTH LOTTA,ORANGE,NORTH LOTTA_ORANGE
NA,LW,OLA,ORANGE,OLA_ORANGE
NA,LW,OLA LITTLE,ORANGE,OLA LITTLE_ORANGE
NA,LW,OLIVE,ORANGE,OLIVE_ORANGE
NA,LW,OLIVIA,ORANGE,OLIVIA_ORANGE
NA,LW,OLYMPIA,ORANGE,OLYMPIA_ORANGE
NA,LW,ORLANDO,ORANGE,ORLANDO_ORANGE
NA,LW,PARK,ORANGE,PARK_ORANGE
NA,LW,PEACH,ORANGE,PEACH_ORANGE
NA,LW,PEARL,ORANGE,PEARL_ORANGE
NA,LW,PINELOCH,ORANGE,PINELOCH_ORANGE
NA,LW,PORTER,ORANGE,PORTER_ORANGE
NA,LW,PRAIRIE,ORANGE,PRAIRIE_ORANGE
NA,LW,PRICE,ORANGE,PRICE_ORANGE
NA,LW,RABAMA,ORANGE,RABAMA_ORANGE
NA,LW,RICHMOND,ORANGE,RICHMOND_ORANGE
NA,LW,ROCK,ORANGE,ROCK_ORANGE
NA,LW,ROSE,ORANGE,ROSE_ORANGE
NA,LW,ROSE HILL,ORANGE,ROSE HILL_ORANGE
NA,LW,ROUSE,ORANGE,ROUSE_ORANGE
NA,LW,ROWENA,ORANGE,ROWENA_ORANGE
NA,LW,SAN SUSAN,ORANGE,SAN SUSAN_ORANGE
NA,LW,SANDY,ORANGE,SANDY_ORANGE
NA,LW,SANTIAGO,ORANGE,SANTIAGO_ORANGE
NA,LW,SAWYER,ORANGE,SAWYER_ORANGE
NA,LW,SERENE,ORANGE,SERENE_ORANGE
NA,LW,SHANNON,ORANGE,SHANNON_ORANGE
NA,LW,SHEPPARD,ORANGE,SHEPPARD_ORANGE
NA,LW,SILVER,ORANGE,SILVER_ORANGE
NA,LW,SMITH,ORANGE,SMITH_ORANGE
NA,LW,SOUTH LOTTA,ORANGE,SOUTH LOTTA_ORANGE
NA,LW,SPEER,ORANGE,SPEER_ORANGE
NA,LW,SPRING,ORANGE,SPRING_ORANGE
NA,LW,SPRING 2,ORANGE,SPRING 2_ORANGE
NA,LW,STANLEY,ORANGE,STANLEY_ORANGE
NA,LW,STARKE,ORANGE,STARKE_ORANGE
NA,LW,SUE,ORANGE,SUE_ORANGE
NA,LW,SUSANNAH,ORANGE,SUSANNAH_ORANGE
NA,LW,SYBELIA,ORANGE,SYBELIA_ORANGE
NA,LW,TENNESSEE,ORANGE,TENNESSEE_ORANGE
NA,LW,TERRACE,ORANGE,TERRACE_ORANGE
NA,LW,THERESA,ORANGE,THERESA_ORANGE
NA,LW,TIMBER RIVER POND,ORANGE,TIMBER RIVER POND_ORANGE
NA,LW,TUCKER,ORANGE,TUCKER_ORANGE
NA,LW,WADE,ORANGE,WADE_ORANGE
NA,LW,WALKER,ORANGE,WALKER_ORANGE
NA,LW,WAUMPI,ORANGE,WAUMPI_ORANGE
NA,LW,WAUNATTA,ORANGE,WAUNATTA_ORANGE
NA,LW,WAUSEON BAY,ORANGE,WAUSEON BAY_ORANGE
NA,LW,WELDONA,ORANGE,WELDONA_ORANGE
NA,LW,WEST,ORANGE,WEST_ORANGE
NA,LW,WHIPPOORWILL,ORANGE,WHIPPOORWILL_ORANGE
NA,LW,WILLIAM DAVIS,ORANGE,WILLIAM DAVIS_ORANGE
NA,LW,WILLIS,ORANGE,WILLIS_ORANGE
NA,LW,WILLISARIA,ORANGE,WILLISARIA_ORANGE
NA,LW,WINYAH,ORANGE,WINYAH_ORANGE
NA,LW,WISE,ORANGE,WISE_ORANGE
NA,LW,AJAY,OSCEOLA,AJAY_OSCEOLA
NA,LW,BAY,OSCEOLA,BAY_OSCEOLA
NA,LW,BOGGY COVE,OSCEOLA,BOGGY COVE_OSCEOLA
NA,LW,BUCK,OSCEOLA,BUCK_OSCEOLA
NA,LW,CAT,OSCEOLA,CAT_OSCEOLA
NA,LW,CECILE,OSCEOLA,CECILE_OSCEOLA
NA,LW,CIVIC CENTER POND,OSCEOLA,CIVIC CENTER POND_OSCEOLA
NA,LW,CYPRESS EAST,OSCEOLA,CYPRESS EAST_OSCEOLA
NA,LW,FELLS COVE,OSCEOLA,FELLS COVE_OSCEOLA
NA,LW,HARMONY ESTATES-RETENTION POND,OSCEOLA,HARMONY ESTATES-RETENTION POND_OSCEOLA
NA,LW,HINDEN,OSCEOLA,HINDEN_OSCEOLA
NA,LW,HOLE #2 POND,OSCEOLA,HOLE #2 POND_OSCEOLA
NA,LW,HOUSE OF DREAMS,OSCEOLA,HOUSE OF DREAMS_OSCEOLA
NA,LW,LAUREL,OSCEOLA,LAUREL_OSCEOLA
NA,LW,LIVE OAK,OSCEOLA,LIVE OAK_OSCEOLA
NA,LW,OHP-CVB,OSCEOLA,OHP-CVB_OSCEOLA
NA,LW,OHP-ENTRANCE POND,OSCEOLA,OHP-ENTRANCE POND_OSCEOLA
NA,LW,OHP-MARY BETH,OSCEOLA,OHP-MARY BETH_OSCEOLA
NA,LW,OHP-STADIUM POND,OSCEOLA,OHP-STADIUM POND_OSCEOLA
NA,LW,TOHOPEKALIGA,OSCEOLA,TOHOPEKALIGA_OSCEOLA
NA,LW,TOHOPEKALIGA EAST,OSCEOLA,TOHOPEKALIGA EAST_OSCEOLA
NA,LW,TOHOPEKALIGA-MIDDLE,OSCEOLA,TOHOPEKALIGA-MIDDLE_OSCEOLA
NA,LW,TOHOPEKALIGA-NORTH,OSCEOLA,TOHOPEKALIGA-NORTH_OSCEOLA
NA,LW,TOHOPEKALIGA-SOUTH,OSCEOLA,TOHOPEKALIGA-SOUTH_OSCEOLA
NA,LW,VALENCIA BIG,OSCEOLA,VALENCIA BIG_OSCEOLA
NA,LW,VALENCIA SMALL,OSCEOLA,VALENCIA SMALL_OSCEOLA
NA,LW,BANYAN,PALM BEACH,BANYAN_PALM BEACH
NA,LW,BUENA VIDA,PALM BEACH,BUENA VIDA_PALM BEACH
NA,LW,CHARLESTON EAST,PALM BEACH,CHARLESTON EAST_PALM BEACH
NA,LW,CHARLESTON MIDDLE,PALM BEACH,CHARLESTON MIDDLE_PALM BEACH
NA,LW,CHARLESTON WEST,PALM BEACH,CHARLESTON WEST_PALM BEACH
NA,LW,GODS,PALM BEACH,GODS_PALM BEACH
NA,LW,GREEN CAY,PALM BEACH,GREEN CAY_PALM BEACH
NA,LW,ISLAND,PALM BEACH,ISLAND_PALM BEACH
NA,LW,JULIE,PALM BEACH,JULIE_PALM BEACH
NA,LW,MOULTRIE,PALM BEACH,MOULTRIE_PALM BEACH
NA,LW,OSBORNE CANAL EAST,PALM BEACH,OSBORNE CANAL EAST_PALM BEACH
NA,LW,OSBORNE CANAL MIDDLE,PALM BEACH,OSBORNE CANAL MIDDLE_PALM BEACH
NA,LW,OSBORNE CANAL WEST,PALM BEACH,OSBORNE CANAL WEST_PALM BEACH
NA,LW,PINE,PALM BEACH,PINE_PALM BEACH
NA,LW,QUIET WATERS,PALM BEACH,QUIET WATERS_PALM BEACH
NA,LW,SANTEE,PALM BEACH,SANTEE_PALM BEACH
NA,LW,SILVER,PALM BEACH,SILVER_PALM BEACH
NA,LW,WELLINGTON,PALM BEACH,WELLINGTON_PALM BEACH
NA,LW,WESTWOOD,PALM BEACH,WESTWOOD_PALM BEACH
NA,LW,WORTH,PALM BEACH,WORTH_PALM BEACH
NA,LW,BASS,PASCO,BASS_PASCO
NA,LW,BELL,PASCO,BELL_PASCO
NA,LW,BELL CANAL-1,PASCO,BELL CANAL-1_PASCO
NA,LW,BELL CANAL-2,PASCO,BELL CANAL-2_PASCO
NA,LW,BIG VIENNA,PASCO,BIG VIENNA_PASCO
NA,LW,BIRD,PASCO,BIRD_PASCO
NA,LW,BLANTON,PASCO,BLANTON_PASCO
NA,LW,CHRISTINA,PASCO,CHRISTINA_PASCO
NA,LW,CONLEY,PASCO,CONLEY_PASCO
NA,LW,CREWS,PASCO,CREWS_PASCO
NA,LW,DUPREE,PASCO,DUPREE_PASCO
NA,LW,EAST,PASCO,EAST_PASCO
NA,LW,EAST ELLIS,PASCO,EAST ELLIS_PASCO
NA,LW,FLOYD,PASCO,FLOYD_PASCO
NA,LW,GARDENIA,PASCO,GARDENIA_PASCO
NA,LW,GENESIS,PASCO,GENESIS_PASCO
NA,LW,GENEVA,PASCO,GENEVA_PASCO
NA,LW,GEORGE,PASCO,GEORGE_PASCO
NA,LW,GREEN,PASCO,GREEN_PASCO
NA,LW,HERON,PASCO,HERON_PASCO
NA,LW,HOLIDAY,PASCO,HOLIDAY_PASCO
NA,LW,JEROME,PASCO,JEROME_PASCO
NA,LW,JOVITA,PASCO,JOVITA_PASCO
NA,LW,JOYCE,PASCO,JOYCE_PASCO
NA,LW,KARNEY,PASCO,KARNEY_PASCO
NA,LW,KING,PASCO,KING_PASCO
NA,LW,LAZY DUCK,PASCO,LAZY DUCK_PASCO
NA,LW,LINDA,PASCO,LINDA_PASCO
NA,LW,LITTLE BLACK,PASCO,LITTLE BLACK_PASCO
NA,LW,LITTLE COMO,PASCO,LITTLE COMO_PASCO
NA,LW,LITTLE EAST,PASCO,LITTLE EAST_PASCO
NA,LW,LITTLE MOSS,PASCO,LITTLE MOSS_PASCO
NA,LW,LITTLE VIENNA,PASCO,LITTLE VIENNA_PASCO
NA,LW,MINNEOLA,PASCO,MINNEOLA_PASCO
NA,LW,NASH,PASCO,NASH_PASCO
NA,LW,PADGETT NORTH,PASCO,PADGETT NORTH_PASCO
NA,LW,PADGETT SOUTH,PASCO,PADGETT SOUTH_PASCO
NA,LW,PARKER,PASCO,PARKER_PASCO
NA,LW,PASADENA,PASCO,PASADENA_PASCO
NA,LW,SAXON NORTH,PASCO,SAXON NORTH_PASCO
NA,LW,SAXON SOUTH,PASCO,SAXON SOUTH_PASCO
NA,LW,SEMINOLE,PASCO,SEMINOLE_PASCO
NA,LW,TAMPA,PASCO,TAMPA_PASCO
NA,LW,THOMAS,PASCO,THOMAS_PASCO
NA,LW,TREASURE,PASCO,TREASURE_PASCO
NA,LW,TWIN,PASCO,TWIN_PASCO
NA,LW,VIENNA,PASCO,VIENNA_PASCO
NA,LW,ALLEN,PINELLAS,ALLEN_PINELLAS
NA,LW,ALLIGATOR,PINELLAS,ALLIGATOR_PINELLAS
NA,LW,ALLISON,PINELLAS,ALLISON_PINELLAS
NA,LW,BAYWOOD,PINELLAS,BAYWOOD_PINELLAS
NA,LW,BECKETT,PINELLAS,BECKETT_PINELLAS
NA,LW,BLUE HERON,PINELLAS,BLUE HERON_PINELLAS
NA,LW,CHAUTAUQUA,PINELLAS,CHAUTAUQUA_PINELLAS
NA,LW,CLEARVIEW,PINELLAS,CLEARVIEW_PINELLAS
NA,LW,CLIFF STEPHENS PARK,PINELLAS,CLIFF STEPHENS PARK_PINELLAS
NA,LW,CONSTANCE,PINELLAS,CONSTANCE_PINELLAS
NA,LW,COUNTRY WOODS,PINELLAS,COUNTRY WOODS_PINELLAS
NA,LW,CRESCENT,PINELLAS,CRESCENT_PINELLAS
NA,LW,CREST,PINELLAS,CREST_PINELLAS
NA,LW,EGRET,PINELLAS,EGRET_PINELLAS
NA,LW,FLAMINGO,PINELLAS,FLAMINGO_PINELLAS
NA,LW,FOREST,PINELLAS,FOREST_PINELLAS
NA,LW,FUSION,PINELLAS,FUSION_PINELLAS
NA,LW,GARDENIA,PINELLAS,GARDENIA_PINELLAS
NA,LW,HARBOR,PINELLAS,HARBOR_PINELLAS
NA,LW,HARBOR ISLE,PINELLAS,HARBOR ISLE_PINELLAS
NA,LW,HELENA,PINELLAS,HELENA_PINELLAS
NA,LW,HERON,PINELLAS,HERON_PINELLAS
NA,LW,HEWITT,PINELLAS,HEWITT_PINELLAS
NA,LW,LOCH HAVEN,PINELLAS,LOCH HAVEN_PINELLAS
NA,LW,LUCERNE,PINELLAS,LUCERNE_PINELLAS
NA,LW,MOCCASIN,PINELLAS,MOCCASIN_PINELLAS
NA,LW,OAK,PINELLAS,OAK_PINELLAS
NA,LW,PINE OAK,PINELLAS,PINE OAK_PINELLAS
NA,LW,PLACID,PINELLAS,PLACID_PINELLAS
NA,LW,PLACIDO,PINELLAS,PLACIDO_PINELLAS
NA,LW,PLACIDO CANAL NORTH,PINELLAS,PLACIDO CANAL NORTH_PINELLAS
NA,LW,RAINBOW,PINELLAS,RAINBOW_PINELLAS
NA,LW,SKIPPER,PINELLAS,SKIPPER_PINELLAS
NA,LW,SPRING,PINELLAS,SPRING_PINELLAS
NA,LW,ST. GEORGE,PINELLAS,ST. GEORGE_PINELLAS
NA,LW,SYLVIA,PINELLAS,SYLVIA_PINELLAS
NA,LW,TAYLOR,PINELLAS,TAYLOR_PINELLAS
NA,LW,TURTLE,PINELLAS,TURTLE_PINELLAS
NA,LW,WESTCHESTER,PINELLAS,WESTCHESTER_PINELLAS
NA,LW,ARIETTA,POLK,ARIETTA_POLK
NA,LW,AURORA,POLK,AURORA_POLK
NA,LW,BANANA PIT SOUTH,POLK,BANANA PIT SOUTH_POLK
NA,LW,BELLE EAST,POLK,BELLE EAST_POLK
NA,LW,BELLE WEST,POLK,BELLE WEST_POLK
NA,LW,BENTLEY,POLK,BENTLEY_POLK
NA,LW,BESS,POLK,BESS_POLK
NA,LW,BIG BASS,POLK,BIG BASS_POLK
NA,LW,BLUE SOUTH,POLK,BLUE SOUTH_POLK
NA,LW,BOCA COVE,POLK,BOCA COVE_POLK
NA,LW,BONNET,POLK,BONNET_POLK
NA,LW,CLARK,POLK,CLARK_POLK
NA,LW,CLEARWATER,POLK,CLEARWATER_POLK
NA,LW,CRAGO,POLK,CRAGO_POLK
NA,LW,CRESCENT,POLK,CRESCENT_POLK
NA,LW,CROOKED-BABSON PARK,POLK,CROOKED-BABSON PARK_POLK
NA,LW,CROOKED-SEMINOLE RD. DRAIN,POLK,CROOKED-SEMINOLE RD. DRAIN_POLK
NA,LW,CYPRESS,POLK,CYPRESS_POLK
NA,LW,DAVENPORT NORTH,POLK,DAVENPORT NORTH_POLK
NA,LW,DEXTER,POLK,DEXTER_POLK
NA,LW,DINNER,POLK,DINNER_POLK
NA,LW,EAGLE,POLK,EAGLE_POLK
NA,LW,FAUNA,POLK,FAUNA_POLK
NA,LW,FLORA,POLK,FLORA_POLK
NA,LW,GASKINS CUT,POLK,GASKINS CUT_POLK
NA,LW,HAINES-COVE,POLK,HAINES-COVE_POLK
NA,LW,HAINES-GOLF CLUB,POLK,HAINES-GOLF CLUB_POLK
NA,LW,HELEN,POLK,HELEN_POLK
NA,LW,HENRY,POLK,HENRY_POLK
NA,LW,IDA,POLK,IDA_POLK
NA,LW,JOSEPHINE,POLK,JOSEPHINE_POLK
NA,LW,LITTLE BASS,POLK,LITTLE BASS_POLK
NA,LW,LITTLE CROOKED,POLK,LITTLE CROOKED_POLK
NA,LW,LITTLE ELBERT,POLK,LITTLE ELBERT_POLK
NA,LW,LITTLE HAMILTON,POLK,LITTLE HAMILTON_POLK
NA,LW,LITTLE OTIS,POLK,LITTLE OTIS_POLK
NA,LW,LITTLE SPIRIT,POLK,LITTLE SPIRIT_POLK
NA,LW,LITTLE WINTERSET,POLK,LITTLE WINTERSET_POLK
NA,LW,LIZZIE,POLK,LIZZIE_POLK
NA,LW,LOST,POLK,LOST_POLK
NA,LW,LUCERNE,POLK,LUCERNE_POLK
NA,LW,MABEL,POLK,MABEL_POLK
NA,LW,MOUNTAIN 2,POLK,MOUNTAIN 2_POLK
NA,LW,OTIS,POLK,OTIS_POLK
NA,LW,OTTER,POLK,OTTER_POLK
NA,LW,PARKS,POLK,PARKS_POLK
NA,LW,PATRICK,POLK,PATRICK_POLK
NA,LW,POLLOCK,POLK,POLLOCK_POLK
NA,LW,RING,POLK,RING_POLK
NA,LW,RIVER,POLK,RIVER_POLK
NA,LW,RUBY,POLK,RUBY_POLK
NA,LW,SCOTT,POLK,SCOTT_POLK
NA,LW,SPIRIT,POLK,SPIRIT_POLK
NA,LW,ST. ANNE,POLK,ST. ANNE_POLK
NA,LW,STARR,POLK,STARR_POLK
NA,LW,SYMPHONY,POLK,SYMPHONY_POLK
NA,LW,WHISTLER,POLK,WHISTLER_POLK
NA,LW,WINTERSET,POLK,WINTERSET_POLK
NA,LW,ANDERSON CUE,PUTNAM,ANDERSON CUE_PUTNAM
NA,LW,ANNIE,PUTNAM,ANNIE_PUTNAM
NA,LW,ASHLEY,PUTNAM,ASHLEY_PUTNAM
NA,LW,BANANA,PUTNAM,BANANA_PUTNAM
NA,LW,BARCO,PUTNAM,BARCO_PUTNAM
NA,LW,BELL,PUTNAM,BELL_PUTNAM
NA,LW,BLUE,PUTNAM,BLUE_PUTNAM
NA,LW,BOLL GREEN,PUTNAM,BOLL GREEN_PUTNAM
NA,LW,BRANTLEY,PUTNAM,BRANTLEY_PUTNAM
NA,LW,BRANTLEY 2,PUTNAM,BRANTLEY 2_PUTNAM
NA,LW,BROWARD,PUTNAM,BROWARD_PUTNAM
NA,LW,CHIPCO,PUTNAM,CHIPCO_PUTNAM
NA,LW,CHURCH,PUTNAM,CHURCH_PUTNAM
NA,LW,CLEAR,PUTNAM,CLEAR_PUTNAM
NA,LW,CLEARWATER 2,PUTNAM,CLEARWATER 2_PUTNAM
NA,LW,COMO,PUTNAM,COMO_PUTNAM
NA,LW,COWPEN,PUTNAM,COWPEN_PUTNAM
NA,LW,CRESCENT NORTH,PUTNAM,CRESCENT NORTH_PUTNAM
NA,LW,CRESCENT SOUTH,PUTNAM,CRESCENT SOUTH_PUTNAM
NA,LW,EAST,PUTNAM,EAST_PUTNAM
NA,LW,EAST TWIN,PUTNAM,EAST TWIN_PUTNAM
NA,LW,ENGLISH,PUTNAM,ENGLISH_PUTNAM
NA,LW,ENSLOW,PUTNAM,ENSLOW_PUTNAM
NA,LW,FANNY,PUTNAM,FANNY_PUTNAM
NA,LW,FAYE,PUTNAM,FAYE_PUTNAM
NA,LW,GALILEE,PUTNAM,GALILEE_PUTNAM
NA,LW,GEORGE,PUTNAM,GEORGE_PUTNAM
NA,LW,GEORGE EAST,PUTNAM,GEORGE EAST_PUTNAM
NA,LW,GEORGE SOUTH,PUTNAM,GEORGE SOUTH_PUTNAM
NA,LW,GILLIS,PUTNAM,GILLIS_PUTNAM
NA,LW,GOOSE,PUTNAM,GOOSE_PUTNAM
NA,LW,GREEN POND,PUTNAM,GREEN POND_PUTNAM
NA,LW,HARDESTY,PUTNAM,HARDESTY_PUTNAM
NA,LW,HEWITT,PUTNAM,HEWITT_PUTNAM
NA,LW,HIGGENBOTHAM,PUTNAM,HIGGENBOTHAM_PUTNAM
NA,LW,IDA,PUTNAM,IDA_PUTNAM
NA,LW,JEWEL,PUTNAM,JEWEL_PUTNAM
NA,LW,JOHNTRY POND,PUTNAM,JOHNTRY POND_PUTNAM
NA,LW,JUNIOR,PUTNAM,JUNIOR_PUTNAM
NA,LW,LAGONDA,PUTNAM,LAGONDA_PUTNAM
NA,LW,LITTLE CLEARWATER 2,PUTNAM,LITTLE CLEARWATER 2_PUTNAM
NA,LW,LITTLE MCMEEKIN,PUTNAM,LITTLE MCMEEKIN_PUTNAM
NA,LW,LITTLE SWAN,PUTNAM,LITTLE SWAN_PUTNAM
NA,LW,LONG POND,PUTNAM,LONG POND_PUTNAM
NA,LW,MARINER,PUTNAM,MARINER_PUTNAM
NA,LW,MASON,PUTNAM,MASON_PUTNAM
NA,LW,MCCLOUD,PUTNAM,MCCLOUD_PUTNAM
NA,LW,MCMEEKIN,PUTNAM,MCMEEKIN_PUTNAM
NA,LW,MORRIS,PUTNAM,MORRIS_PUTNAM
NA,LW,MUD,PUTNAM,MUD_PUTNAM
NA,LW,NORTH ESTELLA,PUTNAM,NORTH ESTELLA_PUTNAM
NA,LW,NORTH TWIN,PUTNAM,NORTH TWIN_PUTNAM
NA,LW,OMEGA,PUTNAM,OMEGA_PUTNAM
NA,LW,PUNCHBOWL,PUTNAM,PUNCHBOWL_PUTNAM
NA,LW,REDWATER,PUTNAM,REDWATER_PUTNAM
NA,LW,RILEY,PUTNAM,RILEY_PUTNAM
NA,LW,ROCKY,PUTNAM,ROCKY_PUTNAM
NA,LW,RODMAN-2,PUTNAM,RODMAN-2_PUTNAM
NA,LW,RODMAN-3,PUTNAM,RODMAN-3_PUTNAM
NA,LW,RODMAN-4,PUTNAM,RODMAN-4_PUTNAM
NA,LW,RODMAN-4A,PUTNAM,RODMAN-4A_PUTNAM
NA,LW,RODMAN-5,PUTNAM,RODMAN-5_PUTNAM
NA,LW,RODMAN-6,PUTNAM,RODMAN-6_PUTNAM
NA,LW,RODMAN-OUT 1,PUTNAM,RODMAN-OUT 1_PUTNAM
NA,LW,RODMAN-OUT 3,PUTNAM,RODMAN-OUT 3_PUTNAM
NA,LW,ROSA,PUTNAM,ROSA_PUTNAM
NA,LW,ROSS,PUTNAM,ROSS_PUTNAM
NA,LW,ROUND,PUTNAM,ROUND_PUTNAM
NA,LW,ROWAN,PUTNAM,ROWAN_PUTNAM
NA,LW,SILVER,PUTNAM,SILVER_PUTNAM
NA,LW,SILVER 2,PUTNAM,SILVER 2_PUTNAM
NA,LW,SILVER 3,PUTNAM,SILVER 3_PUTNAM
NA,LW,SOUTH BULL POND,PUTNAM,SOUTH BULL POND_PUTNAM
NA,LW,SOUTH ESTELLA,PUTNAM,SOUTH ESTELLA_PUTNAM
NA,LW,SPRING,PUTNAM,SPRING_PUTNAM
NA,LW,STAR,PUTNAM,STAR_PUTNAM
NA,LW,SUGGS,PUTNAM,SUGGS_PUTNAM
NA,LW,SWAN,PUTNAM,SWAN_PUTNAM
NA,LW,TUCKER,PUTNAM,TUCKER_PUTNAM
NA,LW,TWIN WEST,PUTNAM,TWIN WEST_PUTNAM
NA,LW,WIMBERLY,PUTNAM,WIMBERLY_PUTNAM
NA,LW,WINNOTT,PUTNAM,WINNOTT_PUTNAM
NA,LW,BELUTHAHATCHEE,SAINTJOHN'S,BELUTHAHATCHEE_SAINTJOHN'S
NA,LW,ANN,SAINTLUCIE,ANN_SAINTLUCIE
NA,LW,BEL AIR,SAINTLUCIE,BEL AIR_SAINTLUCIE
NA,LW,DAVID,SAINTLUCIE,DAVID_SAINTLUCIE
NA,LW,DE WITT,SAINTLUCIE,DE WITT_SAINTLUCIE
NA,LW,DEBORAH,SAINTLUCIE,DEBORAH_SAINTLUCIE
NA,LW,DOLORES,SAINTLUCIE,DOLORES_SAINTLUCIE
NA,LW,HARRIET,SAINTLUCIE,HARRIET_SAINTLUCIE
NA,LW,JEAN,SAINTLUCIE,JEAN_SAINTLUCIE
NA,LW,JEFFERY,SAINTLUCIE,JEFFERY_SAINTLUCIE
NA,LW,KAREN,SAINTLUCIE,KAREN_SAINTLUCIE
NA,LW,KARLS POND,SAINTLUCIE,KARLS POND_SAINTLUCIE
NA,LW,LAGUNA,SAINTLUCIE,LAGUNA_SAINTLUCIE
NA,LW,MARGARET,SAINTLUCIE,MARGARET_SAINTLUCIE
NA,LW,MILE,SAINTLUCIE,MILE_SAINTLUCIE
NA,LW,PATRICIA,SAINTLUCIE,PATRICIA_SAINTLUCIE
NA,LW,PHILLIP,SAINTLUCIE,PHILLIP_SAINTLUCIE
NA,LW,PHYLLIS,SAINTLUCIE,PHYLLIS_SAINTLUCIE
NA,LW,PSL BOTANICAL GARDENS,SAINTLUCIE,PSL BOTANICAL GARDENS_SAINTLUCIE
NA,LW,ROSE,SAINTLUCIE,ROSE_SAINTLUCIE
NA,LW,RUCE,SAINTLUCIE,RUCE_SAINTLUCIE
NA,LW,SANDS,SAINTLUCIE,SANDS_SAINTLUCIE
NA,LW,SAVANNA-INDRIO,SAINTLUCIE,SAVANNA-INDRIO_SAINTLUCIE
NA,LW,SAVANNA-MIDWAY,SAINTLUCIE,SAVANNA-MIDWAY_SAINTLUCIE
NA,LW,SHARON,SAINTLUCIE,SHARON_SAINTLUCIE
NA,LW,TOZOUR,SAINTLUCIE,TOZOUR_SAINTLUCIE
NA,LW,BEAR,SANTA ROSA,BEAR_SANTA ROSA
NA,LW,LOCKLIN,SANTA ROSA,LOCKLIN_SANTA ROSA
NA,LW,SKI WATCH,SANTA ROSA,SKI WATCH_SANTA ROSA
NA,LW,WOODBINE SPRINGS,SANTA ROSA,WOODBINE SPRINGS_SANTA ROSA
NA,LW,37,SARASOTA,37_SARASOTA
NA,LW,BOBCAT,SARASOTA,BOBCAT_SARASOTA
NA,LW,CORMORANT,SARASOTA,CORMORANT_SARASOTA
NA,LW,EAGLE,SARASOTA,EAGLE_SARASOTA
NA,LW,EAST,SARASOTA,EAST_SARASOTA
NA,LW,EGRET,SARASOTA,EGRET_SARASOTA
NA,LW,EGRET 2,SARASOTA,EGRET 2_SARASOTA
NA,LW,EVMA 1,SARASOTA,EVMA 1_SARASOTA
NA,LW,EVMA 2,SARASOTA,EVMA 2_SARASOTA
NA,LW,EVMA 3,SARASOTA,EVMA 3_SARASOTA
NA,LW,EVMA 4,SARASOTA,EVMA 4_SARASOTA
NA,LW,EVMA 5,SARASOTA,EVMA 5_SARASOTA
NA,LW,EVMA 6,SARASOTA,EVMA 6_SARASOTA
NA,LW,EVMA 7,SARASOTA,EVMA 7_SARASOTA
NA,LW,G-20,SARASOTA,G-20_SARASOTA
NA,LW,LOON,SARASOTA,LOON_SARASOTA
NA,LW,M-9,SARASOTA,M-9_SARASOTA
NA,LW,MIDDLE,SARASOTA,MIDDLE_SARASOTA
NA,LW,RIVENDEL,SARASOTA,RIVENDEL_SARASOTA
NA,LW,SCHERER,SARASOTA,SCHERER_SARASOTA
NA,LW,SPOONBILL,SARASOTA,SPOONBILL_SARASOTA
NA,LW,WEST,SARASOTA,WEST_SARASOTA
NA,LW,WOODMERE,SARASOTA,WOODMERE_SARASOTA
NA,LW,ADA,SEMINOLE,ADA_SEMINOLE
NA,LW,ADELAIDE,SEMINOLE,ADELAIDE_SEMINOLE
NA,LW,ALMA,SEMINOLE,ALMA_SEMINOLE
NA,LW,AMORY,SEMINOLE,AMORY_SEMINOLE
NA,LW,ANN,SEMINOLE,ANN_SEMINOLE
NA,LW,ASHER,SEMINOLE,ASHER_SEMINOLE
NA,LW,BANANA,SEMINOLE,BANANA_SEMINOLE
NA,LW,BAPTISMAL,SEMINOLE,BAPTISMAL_SEMINOLE
NA,LW,BATH,SEMINOLE,BATH_SEMINOLE
NA,LW,BEAR,SEMINOLE,BEAR_SEMINOLE
NA,LW,BEAR GULLY,SEMINOLE,BEAR GULLY_SEMINOLE
NA,LW,BEATRICE,SEMINOLE,BEATRICE_SEMINOLE
NA,LW,BEAUMONT,SEMINOLE,BEAUMONT_SEMINOLE
NA,LW,BEL-AIR,SEMINOLE,BEL-AIR_SEMINOLE
NA,LW,BINGHAM,SEMINOLE,BINGHAM_SEMINOLE
NA,LW,BRANTLEY,SEMINOLE,BRANTLEY_SEMINOLE
NA,LW,BUCK,SEMINOLE,BUCK_SEMINOLE
NA,LW,CHARM,SEMINOLE,CHARM_SEMINOLE
NA,LW,CLEAR,SEMINOLE,CLEAR_SEMINOLE
NA,LW,COCHRAN,SEMINOLE,COCHRAN_SEMINOLE
NA,LW,CONCORD,SEMINOLE,CONCORD_SEMINOLE
NA,LW,CRANES ROOST,SEMINOLE,CRANES ROOST_SEMINOLE
NA,LW,CRESCENT,SEMINOLE,CRESCENT_SEMINOLE
NA,LW,CRYSTAL BOWL,SEMINOLE,CRYSTAL BOWL_SEMINOLE
NA,LW,CUB,SEMINOLE,CUB_SEMINOLE
NA,LW,DEEP,SEMINOLE,DEEP_SEMINOLE
NA,LW,DEFOREST,SEMINOLE,DEFOREST_SEMINOLE
NA,LW,DOT,SEMINOLE,DOT_SEMINOLE
NA,LW,EAST,SEMINOLE,EAST_SEMINOLE
NA,LW,EAST CRYSTAL,SEMINOLE,EAST CRYSTAL_SEMINOLE
NA,LW,EMILY,SEMINOLE,EMILY_SEMINOLE
NA,LW,EMMA,SEMINOLE,EMMA_SEMINOLE
NA,LW,FAIRY,SEMINOLE,FAIRY_SEMINOLE
NA,LW,FLORENCE,SEMINOLE,FLORENCE_SEMINOLE
NA,LW,FLORIDA,SEMINOLE,FLORIDA_SEMINOLE
NA,LW,FOREST,SEMINOLE,FOREST_SEMINOLE
NA,LW,FRUITWOOD,SEMINOLE,FRUITWOOD_SEMINOLE
NA,LW,GEM,SEMINOLE,GEM_SEMINOLE
NA,LW,GOLDEN,SEMINOLE,GOLDEN_SEMINOLE
NA,LW,GORE,SEMINOLE,GORE_SEMINOLE
NA,LW,GRACE,SEMINOLE,GRACE_SEMINOLE
NA,LW,GRIFFIN,SEMINOLE,GRIFFIN_SEMINOLE
NA,LW,HAYES,SEMINOLE,HAYES_SEMINOLE
NA,LW,HODGE,SEMINOLE,HODGE_SEMINOLE
NA,LW,HORSESHOE,SEMINOLE,HORSESHOE_SEMINOLE
NA,LW,HORSESHOE NORTH,SEMINOLE,HORSESHOE NORTH_SEMINOLE
NA,LW,HOWARD,SEMINOLE,HOWARD_SEMINOLE
NA,LW,HOWELL,SEMINOLE,HOWELL_SEMINOLE
NA,LW,ISLAND NORTH,SEMINOLE,ISLAND NORTH_SEMINOLE
NA,LW,ISLAND POND,SEMINOLE,ISLAND POND_SEMINOLE
NA,LW,JANE,SEMINOLE,JANE_SEMINOLE
NA,LW,JENNIE,SEMINOLE,JENNIE_SEMINOLE
NA,LW,JESUP NORTH,SEMINOLE,JESUP NORTH_SEMINOLE
NA,LW,JESUP-EASTERN SHORE,SEMINOLE,JESUP-EASTERN SHORE_SEMINOLE
NA,LW,JESUP-RIVER,SEMINOLE,JESUP-RIVER_SEMINOLE
NA,LW,KATHRYN,SEMINOLE,KATHRYN_SEMINOLE
NA,LW,LESA POND,SEMINOLE,LESA POND_SEMINOLE
NA,LW,LITTLE BEAR,SEMINOLE,LITTLE BEAR_SEMINOLE
NA,LW,LITTLE HOWELL,SEMINOLE,LITTLE HOWELL_SEMINOLE
NA,LW,LITTLE MARY,SEMINOLE,LITTLE MARY_SEMINOLE
NA,LW,LONG,SEMINOLE,LONG_SEMINOLE
NA,LW,LOST,SEMINOLE,LOST_SEMINOLE
NA,LW,LOTUS,SEMINOLE,LOTUS_SEMINOLE
NA,LW,LOTUS 2,SEMINOLE,LOTUS 2_SEMINOLE
NA,LW,MARION,SEMINOLE,MARION_SEMINOLE
NA,LW,MARION NORTH,SEMINOLE,MARION NORTH_SEMINOLE
NA,LW,MARY,SEMINOLE,MARY_SEMINOLE
NA,LW,MILLS,SEMINOLE,MILLS_SEMINOLE
NA,LW,MINNIE,SEMINOLE,MINNIE_SEMINOLE
NA,LW,MIRROR,SEMINOLE,MIRROR_SEMINOLE
NA,LW,MONROE WEST,SEMINOLE,MONROE WEST_SEMINOLE
NA,LW,MULLET,SEMINOLE,MULLET_SEMINOLE
NA,LW,MYRTLE,SEMINOLE,MYRTLE_SEMINOLE
NA,LW,NONAME,SEMINOLE,NONAME_SEMINOLE
NA,LW,ORIENTA 1,SEMINOLE,ORIENTA 1_SEMINOLE
NA,LW,ORIENTA 2,SEMINOLE,ORIENTA 2_SEMINOLE
NA,LW,ORIENTA EAST,SEMINOLE,ORIENTA EAST_SEMINOLE
NA,LW,ORIENTA NORTH,SEMINOLE,ORIENTA NORTH_SEMINOLE
NA,LW,PEARL,SEMINOLE,PEARL_SEMINOLE
NA,LW,PEARL 2,SEMINOLE,PEARL 2_SEMINOLE
NA,LW,PICKETT,SEMINOLE,PICKETT_SEMINOLE
NA,LW,PICKETT EAST,SEMINOLE,PICKETT EAST_SEMINOLE
NA,LW,PINE,SEMINOLE,PINE_SEMINOLE
NA,LW,PLAZA OVAL,SEMINOLE,PLAZA OVAL_SEMINOLE
NA,LW,POT,SEMINOLE,POT_SEMINOLE
NA,LW,PRAIRIE,SEMINOLE,PRAIRIE_SEMINOLE
NA,LW,QUAIL POND,SEMINOLE,QUAIL POND_SEMINOLE
NA,LW,QUEENS MIRROR,SEMINOLE,QUEENS MIRROR_SEMINOLE
NA,LW,RED BUG,SEMINOLE,RED BUG_SEMINOLE
NA,LW,ROCK,SEMINOLE,ROCK_SEMINOLE
NA,LW,ROGERS,SEMINOLE,ROGERS_SEMINOLE
NA,LW,SEARCY,SEMINOLE,SEARCY_SEMINOLE
NA,LW,SECRET,SEMINOLE,SECRET_SEMINOLE
NA,LW,SEMINARY,SEMINOLE,SEMINARY_SEMINOLE
NA,LW,SILVER,SEMINOLE,SILVER_SEMINOLE
NA,LW,SPRING,SEMINOLE,SPRING_SEMINOLE
NA,LW,SWEETWATER COVE,SEMINOLE,SWEETWATER COVE_SEMINOLE
NA,LW,SYLVAN,SEMINOLE,SYLVAN_SEMINOLE
NA,LW,TONY,SEMINOLE,TONY_SEMINOLE
NA,LW,TRIPLET MIDDLE,SEMINOLE,TRIPLET MIDDLE_SEMINOLE
NA,LW,TRIPLET NORTH,SEMINOLE,TRIPLET NORTH_SEMINOLE
NA,LW,TRIPLET SOUTH,SEMINOLE,TRIPLET SOUTH_SEMINOLE
NA,LW,TWIN,SEMINOLE,TWIN_SEMINOLE
NA,LW,TWIN EAST,SEMINOLE,TWIN EAST_SEMINOLE
NA,LW,WEKIVA,SEMINOLE,WEKIVA_SEMINOLE
NA,LW,WEST,SEMINOLE,WEST_SEMINOLE
NA,LW,WEST CRYSTAL,SEMINOLE,WEST CRYSTAL_SEMINOLE
NA,LW,WEST PEARL,SEMINOLE,WEST PEARL_SEMINOLE
NA,LW,WILDMERE,SEMINOLE,WILDMERE_SEMINOLE
NA,LW,WILDWOOD,SEMINOLE,WILDWOOD_SEMINOLE
NA,LW,WILLA,SEMINOLE,WILLA_SEMINOLE
NA,LW,WOODLAKE,SEMINOLE,WOODLAKE_SEMINOLE
NA,LW,WOODS,SEMINOLE,WOODS_SEMINOLE
NA,LW,YVONNE,SEMINOLE,YVONNE_SEMINOLE
NA,LW,YVONNE-2,SEMINOLE,YVONNE-2_SEMINOLE
NA,LW,BIG GANT,SUMTER,BIG GANT_SUMTER
NA,LW,SILVER,SUMTER,SILVER_SUMTER
NA,LW,TOWNSEN,SUMTER,TOWNSEN_SUMTER
NA,LW,LOWE,SUWANNEE,LOWE_SUWANNEE
NA,LW,WHITE,SUWANNEE,WHITE_SUWANNEE
NA,LW,ANDREWS,TAYLOR,ANDREWS_TAYLOR
NA,LW,JAYCEE POND,TAYLOR,JAYCEE POND_TAYLOR
NA,LW,BASSWOOD,VOLUSIA,BASSWOOD_VOLUSIA
NA,LW,BERESFORD,VOLUSIA,BERESFORD_VOLUSIA
NA,LW,BETHEL,VOLUSIA,BETHEL_VOLUSIA
NA,LW,BIG,VOLUSIA,BIG_VOLUSIA
NA,LW,BLUE SPRINGS LAGOON,VOLUSIA,BLUE SPRINGS LAGOON_VOLUSIA
NA,LW,BROKEN ARROW,VOLUSIA,BROKEN ARROW_VOLUSIA
NA,LW,CAIN,VOLUSIA,CAIN_VOLUSIA
NA,LW,CHARLES,VOLUSIA,CHARLES_VOLUSIA
NA,LW,CLOUGH,VOLUSIA,CLOUGH_VOLUSIA
NA,LW,COLBY,VOLUSIA,COLBY_VOLUSIA
NA,LW,DAYTONA,VOLUSIA,DAYTONA_VOLUSIA
NA,LW,DUPONT SOUTH,VOLUSIA,DUPONT SOUTH_VOLUSIA
NA,LW,EMPORIA,VOLUSIA,EMPORIA_VOLUSIA
NA,LW,LAPANOCIA,VOLUSIA,LAPANOCIA_VOLUSIA
NA,LW,LINDLEY,VOLUSIA,LINDLEY_VOLUSIA
NA,LW,LORRAINE,VOLUSIA,LORRAINE_VOLUSIA
NA,LW,LOWER LOUISE,VOLUSIA,LOWER LOUISE_VOLUSIA
NA,LW,MARIE,VOLUSIA,MARIE_VOLUSIA
NA,LW,MC KENZIE,VOLUSIA,MC KENZIE_VOLUSIA
NA,LW,MCGARITY,VOLUSIA,MCGARITY_VOLUSIA
NA,LW,MOLLY,VOLUSIA,MOLLY_VOLUSIA
NA,LW,ODOM,VOLUSIA,ODOM_VOLUSIA
NA,LW,OFFSPRING,VOLUSIA,OFFSPRING_VOLUSIA
NA,LW,PINE,VOLUSIA,PINE_VOLUSIA
NA,LW,REED CANAL,VOLUSIA,REED CANAL_VOLUSIA
NA,LW,SABAL CREEK-1,VOLUSIA,SABAL CREEK-1_VOLUSIA
NA,LW,SABAL CREEK-2,VOLUSIA,SABAL CREEK-2_VOLUSIA
NA,LW,SABAL CREEK-3,VOLUSIA,SABAL CREEK-3_VOLUSIA
NA,LW,SAWYER,VOLUSIA,SAWYER_VOLUSIA
NA,LW,SHAW,VOLUSIA,SHAW_VOLUSIA
NA,LW,SHELBY,VOLUSIA,SHELBY_VOLUSIA
NA,LW,SPRING GARDEN,VOLUSIA,SPRING GARDEN_VOLUSIA
NA,LW,SWEETGUM,VOLUSIA,SWEETGUM_VOLUSIA
NA,LW,TEDDER,VOLUSIA,TEDDER_VOLUSIA
NA,LW,THERESA,VOLUSIA,THERESA_VOLUSIA
NA,LW,THREE ISLAND,VOLUSIA,THREE ISLAND_VOLUSIA
NA,LW,TIVOLI,VOLUSIA,TIVOLI_VOLUSIA
NA,LW,TROUT,VOLUSIA,TROUT_VOLUSIA
NA,LW,UPPER LOUISE,VOLUSIA,UPPER LOUISE_VOLUSIA
NA,LW,WATERFORD,VOLUSIA,WATERFORD_VOLUSIA
NA,LW,WINNEMISSETT,VOLUSIA,WINNEMISSETT_VOLUSIA
NA,LW,DAVIS,WAKULLA,DAVIS_WAKULLA
NA,LW,ELLEN,WAKULLA,ELLEN_WAKULLA
NA,LW,NAMELESS POND,WAKULLA,NAMELESS POND_WAKULLA
NA,LW,OTTER,WAKULLA,OTTER_WAKULLA
NA,LW,ALLEN,WALTON,ALLEN_WALTON
NA,LW,ALLIGATOR,WALTON,ALLIGATOR_WALTON
NA,LW,BACK,WALTON,BACK_WALTON
NA,LW,BIG RED FISH,WALTON,BIG RED FISH_WALTON
NA,LW,CAMP CREEK,WALTON,CAMP CREEK_WALTON
NA,LW,CAMPBELL,WALTON,CAMPBELL_WALTON
NA,LW,DEER,WALTON,DEER_WALTON
NA,LW,DRAPER,WALTON,DRAPER_WALTON
NA,LW,EASTERN,WALTON,EASTERN_WALTON
NA,LW,EASTERN NORTH,WALTON,EASTERN NORTH_WALTON
NA,LW,FOX,WALTON,FOX_WALTON
NA,LW,FULLER,WALTON,FULLER_WALTON
NA,LW,GRAYTON,WALTON,GRAYTON_WALTON
NA,LW,HAVEN,WALTON,HAVEN_WALTON
NA,LW,JUNIPER WEST,WALTON,JUNIPER WEST_WALTON
NA,LW,KING,WALTON,KING_WALTON
NA,LW,LITTLE REDFISH,WALTON,LITTLE REDFISH_WALTON
NA,LW,MORRIS,WALTON,MORRIS_WALTON
NA,LW,OYSTER,WALTON,OYSTER_WALTON
NA,LW,POWELL,WALTON,POWELL_WALTON
NA,LW,SHORTLINE 1,WALTON,SHORTLINE 1_WALTON
NA,LW,SHORTLINE 2,WALTON,SHORTLINE 2_WALTON
NA,LW,SHORTLINE 3,WALTON,SHORTLINE 3_WALTON
NA,LW,SPRING,WALTON,SPRING_WALTON
NA,LW,STALLWORTH,WALTON,STALLWORTH_WALTON
NA,LW,STANLEY,WALTON,STANLEY_WALTON
NA,LW,STEWART,WALTON,STEWART_WALTON
NA,LW,TRESCA,WALTON,TRESCA_WALTON
NA,LW,WESTERN,WALTON,WESTERN_WALTON
NA,LW,WESTERN NORTHEAST,WALTON,WESTERN NORTHEAST_WALTON
NA,LW,WILSON,WALTON,WILSON_WALTON
NA,LW,BLUE,WASHINGTON,BLUE_WASHINGTON
NA,LW,BREAM,WASHINGTON,BREAM_WASHINGTON
NA,LW,GAP,WASHINGTON,GAP_WASHINGTON
NA,LW,GIN,WASHINGTON,GIN_WASHINGTON
NA,LW,LITTLE RIVER,WASHINGTON,LITTLE RIVER_WASHINGTON
NA,LW,RATTLESNAKE,WASHINGTON,RATTLESNAKE_WASHINGTON
NA,LW,LOWERY,CLAY,LOWERY_CLAY
NA,LW,MAGNOLIA,CLAY,MAGNOLIA_CLAY
NA,LW,ALLIGATOR,COLUMBIA,ALLIGATOR_COLUMBIA
NA,LW,MEDARD RESERVOIR,HILLSBOROUGH,MEDARD RESERVOIR_HILLSBOROUGH
NA,LW,SADDLEBACK,HILLSBOROUGH,SADDLEBACK_HILLSBOROUGH
NA,LW,TOWNSEND,LAFAYETTE,TOWNSEND_LAFAYETTE
NA,LW,DORA,LAKE,DORA_LAKE
NA,LW,ALYSSA,LEON,ALYSSA_LEON
NA,LW,MACLAY,LEON,MACLAY_LEON
NA,LW,MILLDAM,MARION,MILLDAM_MARION
NA,LW,FARRAH,ORANGE,FARRAH_ORANGE
NA,LW,IVANHOE,ORANGE,IVANHOE_ORANGE
NA,LW,CLEAR,PASCO,CLEAR_PASCO
NA,LW,IOLA,PASCO,IOLA_PASCO
NA,LW,LOYCE,PASCO,LOYCE_PASCO
NA,LW,THOMAS,POLK,THOMAS_POLK
NA,LW,CRESCENT,PUTNAM,CRESCENT_PUTNAM
NA,LW,JAMES,SAINTLUCIE,JAMES_SAINTLUCIE
NA,LW,MONROE,SEMINOLE,MONROE_SEMINOLE
NA,LW,JUNIPER,WALTON,JUNIPER_WALTON
NA,FWC,BIVENS ARM,ALACHUA,BIVENS ARM_ALACHUA
NA,FWC,ECONFINA CREEK,BAY,ECONFINA CREEK_BAY
NA,FWC,CRANES CREEK,BREVARD,CRANES CREEK_BREVARD
NA,FWC,HILDA,CALHOUN,HILDA_CALHOUN
NA,FWC,BLACK CREEK,CLAY,BLACK CREEK_CLAY
NA,FWC,BROOKLYN,CLAY,BROOKLYN_CLAY
NA,FWC,DOCTORS,CLAY,DOCTORS_CLAY
NA,FWC,JOHNSON,CLAY,JOHNSON_CLAY
NA,FWC,KINGSLEY,CLAY,KINGSLEY_CLAY
NA,FWC,DESOTO,COLUMBIA,DESOTO_COLUMBIA
NA,FWC,CEDAR RIVER,DUVAL,CEDAR RIVER_DUVAL
NA,FWC,JULINGTON CREEK,DUVAL,JULINGTON CREEK_DUVAL
NA,FWC,LEE ADAMS POND,DUVAL,LEE ADAMS POND_DUVAL
NA,FWC,ORTEGA RIVER,DUVAL,ORTEGA RIVER_DUVAL
NA,FWC,RIBAULT RIVER,DUVAL,RIBAULT RIVER_DUVAL
NA,FWC,PERDIDO RIVER,ESCAMBIA,PERDIDO RIVER_ESCAMBIA
NA,FWC,DEAD,FLAGLER,DEAD_FLAGLER
NA,FWC,WATERS,GILCHRISAINT,WATERS_GILCHRISAINT
NA,FWC,DEADS,GULF,DEADS_GULF
NA,FWC,WIMICO,GULF,WIMICO_GULF
NA,FWC,ALAPAHA RIVER,HAMILTON,ALAPAHA RIVER_HAMILTON
NA,FWC,ISTOKPOGA CANAL,HIGHLANDS,ISTOKPOGA CANAL_HIGHLANDS
NA,FWC,PEMBERTON CREEK,HILLSBOROUGH,PEMBERTON CREEK_HILLSBOROUGH
NA,FWC,TAMPA BYPASS CANAL,HILLSBOROUGH,TAMPA BYPASS CANAL_HILLSBOROUGH
NA,FWC,COMPASS,JACKSON,COMPASS_JACKSON
NA,FWC,ROUND,JACKSON,ROUND_JACKSON
NA,FWC,DINA,LAKE,DINA_LAKE
NA,FWC,LITTLE HARRIS,LAKE,LITTLE HARRIS_LAKE
NA,FWC,MUD,LAKE,MUD_LAKE
NA,FWC,WILLAIMEE,LAKE,WILLAIMEE_LAKE
NA,FWC,WACCASASSA RIVER,LEVY,WACCASASSA RIVER_LEVY
NA,FWC,WEKIVA RIVER,LEVY,WEKIVA RIVER_LEVY
NA,FWC,MANATEE,MANATEE,MANATEE_MANATEE
NA,FWC,JUNIPER SPRINGS,MARION,JUNIPER SPRINGS_MARION
NA,FWC,LITTLE JUMPER,MARION,LITTLE JUMPER_MARION
NA,FWC,LITTLE WEIR,MARION,LITTLE WEIR_MARION
NA,FWC,LOU,MARION,LOU_MARION
NA,FWC,SILVER GLEN SPRINGS,MARION,SILVER GLEN SPRINGS_MARION
NA,FWC,WARNER (L. KERR),MARION,WARNER (L. KERR)_MARION
NA,FWC,SHOAL RIVER,OKALOOSA,SHOAL RIVER_OKALOOSA
NA,FWC,AJAY,OSCEOLA,AJAY_OSCEOLA
NA,FWC,BOGGY CREEK,OSCEOLA,BOGGY CREEK_OSCEOLA
NA,FWC,MANGONIA,PALM BEACH,MANGONIA_PALM BEACH
NA,FWC,CREWS,PASCO,CREWS_PASCO
NA,FWC,PITHLACHASCOTTE RIVER,PASCO,PITHLACHASCOTTE RIVER_PASCO
NA,FWC,ALLIGATOR,PINELLAS,ALLIGATOR_PINELLAS
NA,FWC,SAWGRASS,PINELLAS,SAWGRASS_PINELLAS
NA,FWC,TARPON OUTFALL CANAL,PINELLAS,TARPON OUTFALL CANAL_PINELLAS
NA,FWC,TAYLOR PARK,PINELLAS,TAYLOR PARK_PINELLAS
NA,FWC,WALSINGHAM RESERVOIR,PINELLAS,WALSINGHAM RESERVOIR_PINELLAS
NA,FWC,BONNET,POLK,BONNET_POLK
NA,FWC,LITTLE HAMILTON,POLK,LITTLE HAMILTON_POLK
NA,FWC,MIDDLE HAMILTON,POLK,MIDDLE HAMILTON_POLK
NA,FWC,MOODY,POLK,MOODY_POLK
NA,FWC,PATRICK (LEONORE),POLK,PATRICK (LEONORE)_POLK
NA,FWC,RUBY,POLK,RUBY_POLK
NA,FWC,STAR,POLK,STAR_POLK
NA,FWC,STREETY,POLK,STREETY_POLK
NA,FWC,ZIPPER CREEK,POLK,ZIPPER CREEK_POLK
NA,FWC,COWPEN,PUTNAM,COWPEN_PUTNAM
NA,FWC,CRESCENT,PUTNAM,CRESCENT_PUTNAM
NA,FWC,DUNNS CREEK,PUTNAM,DUNNS CREEK_PUTNAM
NA,FWC,LITTLE GEORGE,PUTNAM,LITTLE GEORGE_PUTNAM
NA,FWC,BEAR,SANTA ROSA,BEAR_SANTA ROSA
NA,FWC,BOILING CREEK,SANTA ROSA,BOILING CREEK_SANTA ROSA
NA,FWC,ESCAMBIA RIVER,SANTA ROSA,ESCAMBIA RIVER_SANTA ROSA
NA,FWC,YELLOW RIVER,SANTA ROSA,YELLOW RIVER_SANTA ROSA
NA,FWC,BLACK,SUMTER,BLACK_SUMTER
NA,FWC,BLUE SPRING,TAYLOR,BLUE SPRING_TAYLOR
NA,FWC,FENHOLLOWAY RIVER,TAYLOR,FENHOLLOWAY RIVER_TAYLOR
NA,FWC,STEINHATCHEE RIVER,TAYLOR,STEINHATCHEE RIVER_TAYLOR
NA,FWC,FISHER,UNION,FISHER_UNION
NA,FWC,BERESFORD,VOLUSIA,BERESFORD_VOLUSIA
NA,FWC,GEORGE,VOLUSIA,GEORGE_VOLUSIA
NA,FWC,GOPHER SLOUGH,VOLUSIA,GOPHER SLOUGH_VOLUSIA
NA,FWC,SPRING GARDEN,VOLUSIA,SPRING GARDEN_VOLUSIA
NA,FWC,TICK ISLAND MUD,VOLUSIA,TICK ISLAND MUD_VOLUSIA
NA,FWC,ELLEN,WAKULLA,ELLEN_WAKULLA
NA,FWC,OCHLOCKONEE RIVER,WAKULLA,OCHLOCKONEE RIVER_WAKULLA
NA,FWC,OTTER,WAKULLA,OTTER_WAKULLA
NA,FWC,SOPCHOPPY RIVER,WAKULLA,SOPCHOPPY RIVER_WAKULLA
NA,FWC,JACKSON,WALTON,JACKSON_WALTON
NA,FWC,STANLEY,WALTON,STANLEY_WALTON
NA,FWC,GAP POND,WASHINGTON,GAP POND_WASHINGTON
NA,FWC,HOLMES CREEK,WASHINGTON,HOLMES CREEK_WASHINGTON
NA,FWC,PATE,WASHINGTON,PATE_WASHINGTON
